Authors	Title	Journal	Vol:Issue:Page	Year	Pubmed_Id	Citation_Number	Authors_Full_Name	First_Author	LastAuthor	Affiliations	Grants
Chen W, Guo Y, Walker EJ, Shen F, Jun K, Oh SP, Degos V, Lawton MT, Tihan T, Davalos D, Akassoglou K, Nelson J, Pile-Spellman J, Su H, Young WL	Reduced mural cell coverage and impaired vessel integrity after angiogenic stimulation in the Alk1-deficient brain.	Arterioscler. Thromb. Vasc. Biol.	33:2:305-10	2013	23241407	NA	Wanqiu Chen, Yi Guo, Espen J Walker, Fanxia Shen, Kristine Jun, S Paul Oh, Vincent Degos, Michael T Lawton, Tarik Tihan, Dimitrios Davalos, Katerina Akassoglou, Jeffrey Nelson, John Pile-Spellman, Hua Su, William L Young	Wanqiu Chen	William L Young	Department of Anesthesia and Perioperative Care, Center for Cerebrovascular Research, University of California, San Francisco, CA 94110, USA	NIGMS NIH HHS; T32 GM008440
Shimazu T, Hirschey MD, Newman J, He W, Shirakawa K, Le Moan N, Grueter CA, Lim H, Saunders LR, Stevens RD, Newgard CB, Farese RV, de Cabo R, Ulrich S, Akassoglou K, Verdin E	Suppression of oxidative stress by β-hydroxybutyrate, an endogenous histone deacetylase inhibitor.	Science	339:6116:211-4	2013	23223453		Tadahiro Shimazu, Matthew D Hirschey, John Newman, Wenjuan He, Kotaro Shirakawa, Natacha Le Moan, Carrie A Grueter, Hyungwook Lim, Laura R Saunders, Robert D Stevens, Christopher B Newgard, Robert V Farese, Rafael de Cabo, Scott Ulrich, Katerina Akassoglou, Eric Verdin	Tadahiro Shimazu	Eric Verdin	Gladstone Institute of Virology and Immunology, San Francisco, CA 94158, USA.	NA
Gut P, Baeza-Raja B, Andersson O, Hasenkamp L, Hsiao J, Hesselson D, Akassoglou K, Verdin E, Hirschey MD, Stainier DY	Whole-organism screening for gluconeogenesis identifies activators of fasting metabolism.	Nat. Chem. Biol.	9:2:97-104	2013	23201900	4	Philipp Gut, Bernat Baeza-Raja, Olov Andersson, Laura Hasenkamp, Joseph Hsiao, Daniel Hesselson, Katerina Akassoglou, Eric Verdin, Matthew D Hirschey, Didier Y R Stainier	Philipp Gut	Didier Y R Stainier	Department of Biochemistry and Biophysics, University of California-San Francisco, San Francisco, California, USA. philipp.gut@ucsf.edu	NIDDK NIH HHS; U01 DK089541
Kwan W, Träger U, Davalos D, Chou A, Bouchard J, Andre R, Miller A, Weiss A, Giorgini F, Cheah C, Möller T, Stella N, Akassoglou K, Tabrizi SJ, Muchowski PJ	Mutant huntingtin impairs immune cell migration in Huntington disease.	J. Clin. Invest.	122:12:4737-47	2012	23160193	1	Wanda Kwan, Ulrike Träger, Dimitrios Davalos, Austin Chou, Jill Bouchard, Ralph Andre, Aaron Miller, Andreas Weiss, Flaviano Giorgini, Christine Cheah, Thomas Möller, Nephi Stella, Katerina Akassoglou, Sarah J Tabrizi, Paul J Muchowski	Wanda Kwan	Paul J Muchowski	Biomedical Sciences Program, UCSF, San Francisco, California, USA.	NINDS NIH HHS; NS066361
Baeza-Raja B, Akassoglou K	Glucose homeostasis and p75NTR: the sweet side of neurotrophin receptor signaling.	Cell Cycle	11:17:3151-2	2012	22894898	0	Bernat Baeza-Raja, Katerina Akassoglou	Bernat Baeza-Raja	Katerina Akassoglou		NINDS NIH HHS; R01 NS051470
Baeza-Raja B, Li P, Le Moan N, Sachs BD, Schachtrup C, Davalos D, Vagena E, Bridges D, Kim C, Saltiel AR, Olefsky JM, Akassoglou K	p75 neurotrophin receptor regulates glucose homeostasis and insulin sensitivity.	Proc. Natl. Acad. Sci. U.S.A.	109:15:5838-43	2012	22460790	NA	Bernat Baeza-Raja, Pingping Li, Natacha Le Moan, Benjamin D Sachs, Christian Schachtrup, Dimitrios Davalos, Eirini Vagena, Dave Bridges, Choel Kim, Alan R Saltiel, Jerrold M Olefsky, Katerina Akassoglou	Bernat Baeza-Raja	Katerina Akassoglou	Gladstone Institute of Neurological Disease, University of California, San Francisco, CA 94158, USA.	NICHD NIH HHS; U54 HD 012303-25
Le Moan N, Baeza-Raja B, Akassoglou K	p75 (NTR) and hypoxia: a breath of fresh air in neurotrophin receptor signaling.	Cell Cycle	11:5:829-30	2012	22333586	NA	Natacha Le Moan, Bernat Baeza-Raja, Katerina Akassoglou	Natacha Le Moan	Katerina Akassoglou		NINDS NIH HHS; R01 NS051470
Pearn ML, Hu Y, Niesman IR, Patel HH, Drummond JC, Roth DM, Akassoglou K, Patel PM, Head BP	Propofol neurotoxicity is mediated by p75 neurotrophin receptor activation.	Anesthesiology	116:2:352-61	2012	22198221	13	Matthew L Pearn, Yue Hu, Ingrid R Niesman, Hemal H Patel, John C Drummond, David M Roth, Katerina Akassoglou, Piyush M Patel, Brian P Head	Matthew L Pearn	Brian P Head	Department of Anesthesiology, University of California, San Diego, La Jolla, California, USA.	NINDS NIH HHS; R01NS051470
Davalos D, Akassoglou K	In vivo imaging of the mouse spinal cord using two-photon microscopy.	J Vis Exp	59:e2760	2012	22258623	NA	Dimitrios Davalos, Katerina Akassoglou	Dimitrios Davalos	Katerina Akassoglou	Gladstone Institute of Neurological Disease, University of California, San Francisco, USA. ddavalos@gladstone.ucsf.edu	NINDS NIH HHS; NS066361
Davalos D, Ryu JK, Merlini M, Baeten KM, Le Moan N, Petersen MA, Deerinck TJ, Smirnoff DS, Bedard C, Hakozaki H, Gonias Murray S, Ling JB, Lassmann H, Degen JL, Ellisman MH, Akassoglou K	Fibrinogen-induced perivascular microglial clustering is required for the development of axonal damage in neuroinflammation.	Nat Commun	3:1227	2012	23187627	6	Dimitrios Davalos, Jae Kyu Ryu, Mario Merlini, Kim M Baeten, Natacha Le Moan, Mark A Petersen, Thomas J Deerinck, Dimitri S Smirnoff, Catherine Bedard, Hiroyuki Hakozaki, Sara Gonias Murray, Jennie B Ling, Hans Lassmann, Jay L Degen, Mark H Ellisman, Katerina Akassoglou	Dimitrios Davalos	Katerina Akassoglou	Gladstone Institute of Neurological Disease, University of California, San Francisco, 1650 Owens Street, San Francisco, CA 94158, USA.	Howard Hughes Medical Institute; 
Terrando N, Eriksson LI, Ryu JK, Yang T, Monaco C, Feldmann M, Jonsson Fagerlund M, Charo IF, Akassoglou K, Maze M	Resolving postoperative neuroinflammation and cognitive decline.	Ann. Neurol.	70:6:986-95	2011	22190370	32	Niccolò Terrando, Lars I Eriksson, Jae Kyu Ryu, Ting Yang, Claudia Monaco, Marc Feldmann, Malin Jonsson Fagerlund, Israel F Charo, Katerina Akassoglou, Mervyn Maze	Niccolò Terrando	Mervyn Maze	Department of Anesthesia and Perioperative Care, University of California at San Francisco, San Francisco, CA, USA.	NINDS NIH HHS; NS066361
Le Moan N, Houslay DM, Christian F, Houslay MD, Akassoglou K	Oxygen-dependent cleavage of the p75 neurotrophin receptor triggers stabilization of HIF-1α.	Mol. Cell	44:3:476-90	2011	22055192		Natacha Le Moan, Daniel M Houslay, Frank Christian, Miles D Houslay, Katerina Akassoglou	Natacha Le Moan	Katerina Akassoglou	Gladstone Institute of Neurological Disease, University of California, San Francisco, San Francisco, CA 94158, USA.	NCRR NIH HHS; RR18928
Baeten KM, Akassoglou K	Extracellular matrix and matrix receptors in blood-brain barrier formation and stroke.	Dev Neurobiol	71:11:1018-39	2011	21780303	17	Kim M Baeten, Katerina Akassoglou	Kim M Baeten	Katerina Akassoglou	Gladstone Institute of Neurological Disease, University of California, San Francisco, California 94158, USA.	NINDS NIH HHS; R01 NS066361
Davalos D, Akassoglou K	Fibrinogen as a key regulator of inflammation in disease.	Semin Immunopathol	34:1:43-62	2012	22037947	26	Dimitrios Davalos, Katerina Akassoglou	Dimitrios Davalos	Katerina Akassoglou	Gladstone Institute of Neurological Disease, University of California, San Francisco, San Francisco, CA 94158, USA.	NINDS NIH HHS; R01 NS066361
Schachtrup C, Le Moan N, Passino MA, Akassoglou K	Hepatic stellate cells and astrocytes: Stars of scar formation and tissue repair.	Cell Cycle	10:11:1764-71	2011	21555919	5	Christian Schachtrup, Natacha Le Moan, Melissa A Passino, Katerina Akassoglou	Christian Schachtrup	Katerina Akassoglou	University of California at San Francisco, San Francisco, CA, USA.	NINDS NIH HHS; R01NS52189
Drew PJ, Shih AY, Driscoll JD, Knutsen PM, Blinder P, Davalos D, Akassoglou K, Tsai PS, Kleinfeld D	Chronic optical access through a polished and reinforced thinned skull.	Nat. Methods	7:12:981-4	2010	20966916	51	Patrick J Drew, Andy Y Shih, Jonathan D Driscoll, Per Magne Knutsen, Pablo Blinder, Dimitrios Davalos, Katerina Akassoglou, Philbert S Tsai, David Kleinfeld	Patrick J Drew	David Kleinfeld	Department of Physics, University of California at San Diego, San Diego, California, USA.	NCRR NIH HHS; RR021907
Schachtrup C, Ryu JK, Helmrick MJ, Vagena E, Galanakis DK, Degen JL, Margolis RU, Akassoglou K	Fibrinogen triggers astrocyte scar formation by promoting the availability of active TGF-beta after vascular damage.	J. Neurosci.	30:17:5843-54	2010	20427645	NA	Christian Schachtrup, Jae K Ryu, Matthew J Helmrick, Eirini Vagena, Dennis K Galanakis, Jay L Degen, Richard U Margolis, Katerina Akassoglou	Christian Schachtrup	Katerina Akassoglou	Gladstone Institute of Neurological Disease, University of California, San Francisco, San Francisco, California 94158, USA.	NINDS NIH HHS; R01NS052189
Ryu JK, Davalos D, Akassoglou K	Fibrinogen signal transduction in the nervous system.	J. Thromb. Haemost.	7 Suppl 1:151-4	2009	19630789	27	J K Ryu, D Davalos, K Akassoglou	J K Ryu	K Akassoglou	Gladstone Institute of Neurological Disease, University of California, San Francisco, CA 94158, USA.	NINDS NIH HHS; R01 NS052189-07
Friedman B, Schachtrup C, Tsai PS, Shih AY, Akassoglou K, Kleinfeld D, Lyden PD	Acute vascular disruption and aquaporin 4 loss after stroke.	Stroke	40:6:2182-90	2009	19372455	25	Beth Friedman, Christian Schachtrup, Philbert S Tsai, Andy Y Shih, Katerina Akassoglou, David Kleinfeld, Patrick D Lyden	Beth Friedman	Patrick D Lyden	Department of Neurosciences, UCSD School of Medicine, San Diego, CA, USA.	NINDS NIH HHS; R21 NS052565-01
Gaultier A, Wu X, Le Moan N, Takimoto S, Mukandala G, Akassoglou K, Campana WM, Gonias SL	Low-density lipoprotein receptor-related protein 1 is an essential receptor for myelin phagocytosis.	J. Cell. Sci.	122:Pt 8:1155-62	2009	19299462	18	Alban Gaultier, Xiaohua Wu, Natacha Le Moan, Shinako Takimoto, Gatambwa Mukandala, Katerina Akassoglou, W Marie Campana, Steven L Gonias	Alban Gaultier	Steven L Gonias	Department of Pathology, University of California, San Diego, La Jolla, CA 92093, USA.	NINDS NIH HHS; R01 NS-054671
Xu M, Remillard CV, Sachs BD, Makino A, Platoshyn O, Yao W, Dillmann WH, Akassoglou K, Yuan JX	p75 neurotrophin receptor regulates agonist-induced pulmonary vasoconstriction.	Am. J. Physiol. Heart Circ. Physiol.	295:4:H1529-38	2008	18689502	9	Minlin Xu, Carmelle V Remillard, Benjamin D Sachs, Ayako Makino, Oleksandr Platoshyn, Weijuan Yao, Wolfgang H Dillmann, Katerina Akassoglou, Jason X-J Yuan	Minlin Xu	Jason X-J Yuan	Departments of Medicine, University of California-San Diego, La Jolla, California 92093-0725, USA.	NINDS NIH HHS; NS51470
Rius J, Guma M, Schachtrup C, Akassoglou K, Zinkernagel AS, Nizet V, Johnson RS, Haddad GG, Karin M	NF-kappaB links innate immunity to the hypoxic response through transcriptional regulation of HIF-1alpha.	Nature	453:7196:807-11	2008	18432192	NA	Jordi Rius, Monica Guma, Christian Schachtrup, Katerina Akassoglou, Annelies S Zinkernagel, Victor Nizet, Randall S Johnson, Gabriel G Haddad, Michael Karin	Jordi Rius	Michael Karin	Laboratory of Gene Regulation and Signal Transduction, University of California, San Diego, 9500 Gilman Drive, La Jolla, California 92093-0723, USA.	NCI NIH HHS; R01 CA118165-05
Davalos D, Lee JK, Smith WB, Brinkman B, Ellisman MH, Zheng B, Akassoglou K	Stable in vivo imaging of densely populated glia, axons and blood vessels in the mouse spinal cord using two-photon microscopy.	J. Neurosci. Methods	169:1:1-7	2008	18192022	48	Dimitrios Davalos, Jae K Lee, W Bryan Smith, Brendan Brinkman, Mark H Ellisman, Binhai Zheng, Katerina Akassoglou	Dimitrios Davalos	Katerina Akassoglou	Department of Pharmacology, University of California San Diego, 9500 Gilman Drive, La Jolla, CA 92093, USA. davalos@ucsd.edu	NCRR NIH HHS; RR04050
Xu M, Platoshyn O, Makino A, Dillmann WH, Akassoglou K, Remillard CV, Yuan JX	Characterization of agonist-induced vasoconstriction in mouse pulmonary artery.	Am. J. Physiol. Heart Circ. Physiol.	294:1:H220-8	2008	17982012	7	Minlin Xu, Oleksandr Platoshyn, Ayako Makino, Wolfgang H Dillmann, Katerina Akassoglou, Carmelle V Remillard, Jason X-J Yuan	Minlin Xu	Jason X-J Yuan	Division of Pulmonary and Critical Care Medicine, Department of Medicine, University of California-San Diego, 9500 Gilman Drive, La Jolla, CA 92093-0725, USA.	NHLBI NIH HHS; HL 066012
Sachs BD, Akassoglou K	Regulation of cAMP by the p75 neurotrophin receptor: insight into drug design of selective phosphodiesterase inhibitors.	Biochem. Soc. Trans.	35:Pt 5:1273-7	2007	17956328	2	B D Sachs, K Akassoglou	B D Sachs	K Akassoglou	Department of Pharmacology, University of California, San Diego, La Jolla, CA 92093-90636, U.S.A.	NINDS NIH HHS; NS51470
Schachtrup C, Lu P, Jones LL, Lee JK, Lu J, Sachs BD, Zheng B, Akassoglou K	Fibrinogen inhibits neurite outgrowth via beta 3 integrin-mediated phosphorylation of the EGF receptor.	Proc. Natl. Acad. Sci. U.S.A.	104:28:11814-9	2007	17606926	NA	Christian Schachtrup, Paul Lu, Leonard L Jones, Jae K Lee, Jerry Lu, Ben D Sachs, Binhai Zheng, Katerina Akassoglou	Christian Schachtrup	Katerina Akassoglou	Department of Pharmacology, University of California at San Diego, La Jolla, CA 92093, USA.	NINDS NIH HHS; R01NS052189
Sachs BD, Baillie GS, McCall JR, Passino MA, Schachtrup C, Wallace DA, Dunlop AJ, MacKenzie KF, Klussmann E, Lynch MJ, Sikorski SL, Nuriel T, Tsigelny I, Zhang J, Houslay MD, Chao MV, Akassoglou K	p75 neurotrophin receptor regulates tissue fibrosis through inhibition of plasminogen activation via a PDE4/cAMP/PKA pathway.	J. Cell Biol.	177:6:1119-32	2007	17576803	53	Benjamin D Sachs, George S Baillie, Julianne R McCall, Melissa A Passino, Christian Schachtrup, Derek A Wallace, Allan J Dunlop, Kirsty F MacKenzie, Enno Klussmann, Martin J Lynch, Shoana L Sikorski, Tal Nuriel, Igor Tsigelny, Jin Zhang, Miles D Houslay, Moses V Chao, Katerina Akassoglou	Benjamin D Sachs	Katerina Akassoglou	Department of Pharmacology, University of California, San Diego, La Jolla, CA 92093, USA.	NINDS NIH HHS; NS52189
Passino MA, Adams RA, Sikorski SL, Akassoglou K	Regulation of hepatic stellate cell differentiation by the neurotrophin receptor p75NTR.	Science	315:5820:1853-6	2007	17395831	104	Melissa A Passino, Ryan A Adams, Shoana L Sikorski, Katerina Akassoglou	Melissa A Passino	Katerina Akassoglou	Department of Pharmacology, University of California, San Diego (UCSD), La Jolla, CA 92093-0636, USA.	NINDS NIH HHS; P30-NS047101
Adams RA, Bauer J, Flick MJ, Sikorski SL, Nuriel T, Lassmann H, Degen JL, Akassoglou K	The fibrin-derived gamma377-395 peptide inhibits microglia activation and suppresses relapsing paralysis in central nervous system autoimmune disease.	J. Exp. Med.	204:3:571-82	2007	17339406	NA	Ryan A Adams, Jan Bauer, Matthew J Flick, Shoana L Sikorski, Tal Nuriel, Hans Lassmann, Jay L Degen, Katerina Akassoglou	Ryan A Adams	Katerina Akassoglou	Department of Pharmacology, University of California, San Diego, La Jolla, CA 92093, USA.	NINDS NIH HHS; R01 NS052189
Adams RA, Schachtrup C, Davalos D, Tsigelny I, Akassoglou K	Fibrinogen signal transduction as a mediator and therapeutic target in inflammation: lessons from multiple sclerosis.	Curr. Med. Chem.	14:27:2925-36	2007	18045138	50	R A Adams, C Schachtrup, D Davalos, I Tsigelny, K Akassoglou	R A Adams	K Akassoglou	Department of Pharmacology, University of California San Diego, 9500 Gilman Drive, La Jolla, CA 92093-0636, USA.	NINDS NIH HHS; NS052189
Arthur DB, Akassoglou K, Insel PA	P2Y2 and TrkA receptors interact with Src family kinase for neuronal differentiation.	Biochem. Biophys. Res. Commun.	347:3:678-82	2006	16842754	NA	David B Arthur, Katerina Akassoglou, Paul A Insel	David B Arthur	Paul A Insel	Department of Pharmacology, University of California, San Diego, La Jolla, 92093, USA.	NA
Arthur DB, Georgi S, Akassoglou K, Insel PA	Inhibition of apoptosis by P2Y2 receptor activation: novel pathways for neuronal survival.	J. Neurosci.	26:14:3798-804	2006	16597733	80	David B Arthur, Sean Georgi, Katerina Akassoglou, Paul A Insel	David B Arthur	Paul A Insel	Department of Pharmacology, University of California, San Diego, La Jolla, California 92093, USA.	NINDS NIH HHS; R01-NS051470
Arthur DB, Akassoglou K, Insel PA	P2Y2 receptor activates nerve growth factor/TrkA signaling to enhance neuronal differentiation.	Proc. Natl. Acad. Sci. U.S.A.	102:52:19138-43	2005	16365320	89	David B Arthur, Katerina Akassoglou, Paul A Insel	David B Arthur	Paul A Insel	Department of Pharmacology, University of California at San Diego, La Jolla, CA 92093-0636, USA.	NCRR NIH HHS; RR04050
Akassoglou K	Nerve growth factor-independent neuronal survival: a role for NO donors.	Mol. Pharmacol.	68:4:952-5	2005	16046659	18	Katerina Akassoglou	Katerina Akassoglou	Katerina Akassoglou	Department of Pharmacology, University of California, San Diego, La Jolla, CA 92093-0636, USA. akass@ucsd.edu	NA
Adams RA, Passino M, Sachs BD, Nuriel T, Akassoglou K	Fibrin mechanisms and functions in nervous system pathology.	Mol. Interv.	4:3:163-76	2004	15210870	53	Ryan A Adams, Melissa Passino, Benjamin D Sachs, Tal Nuriel, Katerina Akassoglou	Ryan A Adams	Katerina Akassoglou	Department of Pharmacology, University of California-San Diego, La Jolla, CA 92093-0636, USA.	NA
Akassoglou K, Adams RA, Bauer J, Mercado P, Tseveleki V, Lassmann H, Probert L, Strickland S	Fibrin depletion decreases inflammation and delays the onset of demyelination in a tumor necrosis factor transgenic mouse model for multiple sclerosis.	Proc. Natl. Acad. Sci. U.S.A.	101:17:6698-703	2004	15096619	63	Katerina Akassoglou, Ryan A Adams, Jan Bauer, Peter Mercado, Vivian Tseveleki, Hans Lassmann, Lesley Probert, Sidney Strickland	Katerina Akassoglou	Sidney Strickland	Department of Pharmacology, University of California at San Diego, La Jolla, CA 92093-0636, USA. akass@ucsd.edu	NCRR NIH HHS; RR04050
Akassoglou K, Malester B, Xu J, Tessarollo L, Rosenbluth J, Chao MV	Brain-specific deletion of neuropathy target esterase/swisscheese results in neurodegeneration.	Proc. Natl. Acad. Sci. U.S.A.	101:14:5075-80	2004	15051870	104	Katerina Akassoglou, Brian Malester, Jixiang Xu, Lino Tessarollo, Jack Rosenbluth, Moses V Chao	Katerina Akassoglou	Moses V Chao	Molecular Neurobiology Program, Skirball Institute of Biomolecular Medicine, Department of Cell Biology, New York University School of Medicine, New York, NY 10016, USA.	NINDS NIH HHS; NS37475
Akassoglou K, Akpinar P, Murray S, Strickland S	Fibrin is a regulator of Schwann cell migration after sciatic nerve injury in mice.	Neurosci. Lett.	338:3:185-8	2003	12581827	55	Katerina Akassoglou, Pinar Akpinar, Simon Murray, Sidney Strickland	Katerina Akassoglou	Sidney Strickland	Laboratory of Neurobiology and Genetics, The Rockefeller University, 1230 York Avenue, New York, NY 10021, USA. akass@saturn.med.nyu.edu	NA
Akassoglou K, Douni E, Bauer J, Lassmann H, Kollias G, Probert L	Exclusive tumor necrosis factor (TNF) signaling by the p75TNF receptor triggers inflammatory ischemia in the CNS of transgenic mice.	Proc. Natl. Acad. Sci. U.S.A.	100:2:709-14	2003	12522266	72	Katerina Akassoglou, Eleni Douni, Jan Bauer, Hans Lassmann, George Kollias, Lesley Probert	Katerina Akassoglou	Lesley Probert	Laboratory of Molecular Genetics, Hellenic Pasteur Institute, 127 Vassilissis Sofias Avenue, Athens 11521, Greece.	NA
Akassoglou K, Yu WM, Akpinar P, Strickland S	Fibrin inhibits peripheral nerve remyelination by regulating Schwann cell differentiation.	Neuron	33:6:861-75	2002	11906694	120	Katerina Akassoglou, Wei Ming Yu, Pinar Akpinar, Sidney Strickland	Katerina Akassoglou	Sidney Strickland	Laboratory of Neurobiology and Genetics, The Rockefeller University, 1230 York Avenue, New York, NY 10021, USA.	NINDS NIH HHS; R01 NS035704
Akassoglou K, Strickland S	Nervous system pathology: the fibrin perspective.	Biol. Chem.	383:1:37-45	2002	11928820	27	Katerina Akassoglou, Sidney Strickland	Katerina Akassoglou	Sidney Strickland	Laboratory of Neurobiology and Genetics, The Rockefeller University, New York, NY 10021, USA.	NINDS NIH HHS; NS38472
Probert L, Akassoglou K	Glial expression of tumor necrosis factor in transgenic animals: how do these models reflect the "normal situation"?	Glia	36:2:212-9	2001	11596129	NA	L Probert, K Akassoglou	L Probert	K Akassoglou	Laboratory of Molecular Genetics, Hellenic Pasteur Institute, Athens, Greece. lesley_probert@hol.gr	NA
Brodsky S, Chen J, Lee A, Akassoglou K, Norman J, Goligorsky MS	Plasmin-dependent and -independent effects of plasminogen activators and inhibitor-1 on ex vivo angiogenesis.	Am. J. Physiol. Heart Circ. Physiol.	281:4:H1784-92	2001	11557572	NA	S Brodsky, J Chen, A Lee, K Akassoglou, J Norman, M S Goligorsky	S Brodsky	M S Goligorsky	Department of Medicine, State University of New York, Stony Brook, New York 11794-8152, USA.	NIDDK NIH HHS; DK-54602
Probert L, Eugster HP, Akassoglou K, Bauer J, Frei K, Lassmann H, Fontana A	TNFR1 signalling is critical for the development of demyelination and the limitation of T-cell responses during immune-mediated CNS disease.	Brain	123 ( Pt 10):2005-19	2000	11004118	132	L Probert, H P Eugster, K Akassoglou, J Bauer, K Frei, H Lassmann, A Fontana	L Probert	A Fontana	Department of Molecular Genetics and Immunology, Hellenic Pasteur Institute, Athens, Greece.	NA
Akassoglou K, Kombrinck KW, Degen JL, Strickland S	Tissue plasminogen activator-mediated fibrinolysis protects against axonal degeneration and demyelination after sciatic nerve injury.	J. Cell Biol.	149:5:1157-66	2000	10831618	NA	K Akassoglou, K W Kombrinck, J L Degen, S Strickland	K Akassoglou	S Strickland	Department of Pharmacology, State University of New York at Stony Brook, Stony Brook, New York 11794-8651, USA.	NA
Aloe L, Properzi F, Probert L, Akassoglou K, Kassiotis G, Micera A, Fiore M	Learning abilities, NGF and BDNF brain levels in two lines of TNF-alpha transgenic mice, one characterized by neurological disorders, the other phenotypically normal.	Brain Res.	840:1-2:125-37	1999	10517960	NA	L Aloe, F Properzi, L Probert, K Akassoglou, G Kassiotis, A Micera, M Fiore	L Aloe	M Fiore	Institute of Neurobiology, CNR, viale Marx, 43-15, 00137, Rome, Italy. aloe@in.rm.cnr.it	NA
Kassiotis G, Bauer J, Akassoglou K, Lassmann H, Kollias G, Probert L	A tumor necrosis factor-induced model of human primary demyelinating diseases develops in immunodeficient mice.	Eur. J. Immunol.	29:3:912-7	1999	10092095	30	G Kassiotis, J Bauer, K Akassoglou, H Lassmann, G Kollias, L Probert	G Kassiotis	L Probert	Department of Molecular Genetics, Hellenic Pasteur Institute, Athens, Greece.	NA
Akassoglou K, Bauer J, Kassiotis G, Lassmann H, Kollias G, Probert L	Transgenic models of TNF induced demyelination.	Adv. Exp. Med. Biol.	468:245-59	1999	10635034	17	K Akassoglou, J Bauer, G Kassiotis, H Lassmann, G Kollias, L Probert	K Akassoglou	L Probert	Laboratory of Molecular Genetics, Hellenic Pasteur Institute, Athens, Greece.	NA
Akassoglou K, Bauer J, Kassiotis G, Pasparakis M, Lassmann H, Kollias G, Probert L	Oligodendrocyte apoptosis and primary demyelination induced by local TNF/p55TNF receptor signaling in the central nervous system of transgenic mice: models for multiple sclerosis with primary oligodendrogliopathy.	Am. J. Pathol.	153:3:801-13	1998	9736029	NA	K Akassoglou, J Bauer, G Kassiotis, M Pasparakis, H Lassmann, G Kollias, L Probert	K Akassoglou	L Probert	Department of Molecular Genetics, Hellenic Pasteur Institute, Athens, Greece.	NA
Probert L, Akassoglou K, Kassiotis G, Pasparakis M, Alexopoulou L, Kollias G	TNF-alpha transgenic and knockout models of CNS inflammation and degeneration.	J. Neuroimmunol.	72:2:137-41	1997	9042105	NA	L Probert, K Akassoglou, G Kassiotis, M Pasparakis, L Alexopoulou, G Kollias	L Probert	G Kollias	Department of Molecular Genetics, Hellenic Pasteur Institute, Athens, Greece. lesley_probert@prometheus.hol.gr	NA
Akassoglou K, Probert L, Kontogeorgos G, Kollias G	Astrocyte-specific but not neuron-specific transmembrane TNF triggers inflammation and degeneration in the central nervous system of transgenic mice.	J. Immunol.	158:1:438-45	1997	8977220	206	K Akassoglou, L Probert, G Kontogeorgos, G Kollias	K Akassoglou	G Kollias	Department of Molecular Genetics, Hellenic Pasteur Institute, Athens, Greece.	NA
Fiore M, Probert L, Kollias G, Akassoglou K, Alleva E, Aloe L	Neurobehavioral alterations in developing transgenic mice expressing TNF-alpha in the brain.	Brain Behav. Immun.	10:2:126-38	1996	8811936	NA	M Fiore, L Probert, G Kollias, K Akassoglou, E Alleva, L Aloe	M Fiore	L Aloe	Institute of Neurobiology, CNR, viale Marx 15, Rome, 00156, Italy.	NA
Probert L, Akassoglou K, Alexopoulou L, Douni E, Haralambous S, Hill S, Kassiotis G, Kontoyiannis D, Pasparakis M, Plows D, Kollias G	Dissection of the pathologies induced by transmembrane and wild-type tumor necrosis factor in transgenic mice.	J. Leukoc. Biol.	59:4:518-25	1996	8613699	35	L Probert, K Akassoglou, L Alexopoulou, E Douni, S Haralambous, S Hill, G Kassiotis, D Kontoyiannis, M Pasparakis, D Plows, G Kollias	L Probert	G Kollias	Department of Molecular Genetics, Hellenic Pasteur Institute, Athens, Greece.	NA
Probert L, Akassoglou K, Pasparakis M, Kontogeorgos G, Kollias G	Spontaneous inflammatory demyelinating disease in transgenic mice showing central nervous system-specific expression of tumor necrosis factor alpha.	Proc. Natl. Acad. Sci. U.S.A.	92:24:11294-8	1995	7479982	317	L Probert, K Akassoglou, M Pasparakis, G Kontogeorgos, G Kollias	L Probert	G Kollias	Department of Molecular Genetics, Hellenic Pasteur Institutte, Athens, Greece.	NA
Douni E, Akassoglou K, Alexopoulou L, Georgopoulos S, Haralambous S, Hill S, Kassiotis G, Kontoyiannis D, Pasparakis M, Plows D, Probert L, Kollias G	Transgenic and knockout analyses of the role of TNF in immune regulation and disease pathogenesis.	J. Inflamm.	47:1-2:27-38		8913927	80	E Douni, K Akassoglou, L Alexopoulou, S Georgopoulos, S Haralambous, S Hill, G Kassiotis, D Kontoyiannis, M Pasparakis, D Plows, L Probert, G Kollias	E Douni	G Kollias	Department of Molecular Genetics, Hellenic Pasteur Institute, Athens, Greece.	NA
Charo IF	Blinding the monocytes to protect the heart.	Circulation	127:20:2006-8	2013	23616628	0	Israel F Charo	Israel F Charo	Israel F Charo	J. David Gladstone Institutes, 1650 Owens St, San Francisco, CA 94158. icharo@gladstone.ucsf.edu.	NA
Varvel NH, Grathwohl SA, Baumann F, Liebig C, Bosch A, Brawek B, Thal DR, Charo IF, Heppner FL, Aguzzi A, Garaschuk O, Ransohoff RM, Jucker M	Microglial repopulation model reveals a robust homeostatic process for replacing CNS myeloid cells.	Proc. Natl. Acad. Sci. U.S.A.	109:44:18150-5	2012	23071306	9	Nicholas H Varvel, Stefan A Grathwohl, Frank Baumann, Christian Liebig, Andrea Bosch, Bianca Brawek, Dietmar R Thal, Israel F Charo, Frank L Heppner, Adriano Aguzzi, Olga Garaschuk, Richard M Ransohoff, Mathias Jucker	Nicholas H Varvel	Mathias Jucker	German Center for Neurodegenerative Diseases, DZNE, and Department of Cellular Neurology, Hertie Institute for Clinical Brain Research, University of Tuebingen, 72076 Tuebingen, Germany. nicholas.varvel@dzne.de	NHLBI NIH HHS; R01 HL102475
Sullivan TJ, Dairaghi DJ, Krasinski A, Miao Z, Wang Y, Zhao BN, Baumgart T, Berahovich R, Ertl LS, Pennell A, Seitz L, Miao S, Ungashe S, Wei Z, Johnson D, Boring L, Tsou CL, Charo IF, Bekker P, Schall TJ, Jaen JC	Characterization of CCX140-B, an orally bioavailable antagonist of the CCR2 chemokine receptor, for the treatment of type 2 diabetes and associated complications.	J. Pharmacol. Exp. Ther.		2012	22378937	5	Timothy J Sullivan, Daniel J Dairaghi, Antoni Krasinski, Zhenhua Miao, Yu Wang, Bin N Zhao, Trageen Baumgart, Rob Berahovich, Linda S Ertl, Andrew Pennell, Lisa Seitz, Shichang Miao, Solomon Ungashe, Zheng Wei, Dan Johnson, Landin Boring, Chia-Lin Tsou, Israel F Charo, Pirow Bekker, Thomas J Schall, Juan C Jaen	Timothy J Sullivan	Juan C Jaen		NA
Mizutani M, Pino PA, Saederup N, Charo IF, Ransohoff RM, Cardona AE	The fractalkine receptor but not CCR2 is present on microglia from embryonic development throughout adulthood.	J. Immunol.	188:1:29-36	2012	22079990	19	Makiko Mizutani, Paula A Pino, Noah Saederup, Israel F Charo, Richard M Ransohoff, Astrid E Cardona	Makiko Mizutani	Astrid E Cardona	Department of Neurosciences, Lerner Research Institute, Cleveland Clinic, Cleveland, OH, USA.	NINDS NIH HHS; R01NS32151
Lewis KL, Caton ML, Bogunovic M, Greter M, Grajkowska LT, Ng D, Klinakis A, Charo IF, Jung S, Gommerman JL, Ivanov II, Liu K, Merad M, Reizis B	Notch2 receptor signaling controls functional differentiation of dendritic cells in the spleen and intestine.	Immunity	35:5:780-91	2011	22018469	37	Kanako L Lewis, Michele L Caton, Milena Bogunovic, Melanie Greter, Lucja T Grajkowska, Dennis Ng, Apostolos Klinakis, Israel F Charo, Steffen Jung, Jennifer L Gommerman, Ivaylo I Ivanov, Kang Liu, Miriam Merad, Boris Reizis	Kanako L Lewis	Boris Reizis	Department of Microbiology and Immunology, Columbia University Medical Center, New York, NY 10032, USA.	NICHD NIH HHS; T32 HD055165-05
Charo IF, Taub R	Anti-inflammatory therapeutics for the treatment of atherosclerosis.	Nat Rev Drug Discov	10:5:365-76	2011	21532566	46	Israel F Charo, Rebecca Taub	Israel F Charo	Rebecca Taub	Gladstone Institute of Cardiovascular Disease, 1650 Owens Street #149, San Francisco, California 94158, USA. icharo@gladstone.ucsf.edu	NHLBI NIH HHS; R01 HL052773
Sonoda KH, Yoshimura T, Egashira K, Charo IF, Ishibashi T	Neutrophil-dominant experimental autoimmune uveitis in CC-chemokine receptor 2 knockout mice.	Acta Ophthalmol	89:2:e180-8	2011	20584001	NA	Koh-Hei Sonoda, Takeru Yoshimura, Kensuke Egashira, Israel F Charo, Tatsuro Ishibashi	Koh-Hei Sonoda	Tatsuro Ishibashi	Department of Ophthalmology, Graduate School of Medical Science, Kyushu University, Fukuoka, Japan. sonodak@med.kyushu-u.ac.jp	NA
Islam SA, Chang DS, Colvin RA, Byrne MH, McCully ML, Moser B, Lira SA, Charo IF, Luster AD	Mouse CCL8, a CCR8 agonist, promotes atopic dermatitis by recruiting IL-5+ T(H)2 cells.	Nat. Immunol.	12:2:167-77	2011	21217759	36	Sabina A Islam, Daniel S Chang, Richard A Colvin, Mike H Byrne, Michelle L McCully, Bernhard Moser, Sergio A Lira, Israel F Charo, Andrew D Luster	Sabina A Islam	Andrew D Luster	Center for Immunology and Inflammatory Diseases, Division of Rheumatology, Allergy and Immunology, Massachusetts General Hospital, Harvard Medical School, Boston, Massachusetts, USA.	NIAID NIH HHS; R37 AI040618-15
Saederup N, Cardona AE, Croft K, Mizutani M, Cotleur AC, Tsou CL, Ransohoff RM, Charo IF	Selective chemokine receptor usage by central nervous system myeloid cells in CCR2-red fluorescent protein knock-in mice.	PLoS ONE	5:10:e13693	2010	21060874	47	Noah Saederup, Astrid E Cardona, Kelsey Croft, Makiko Mizutani, Anne C Cotleur, Chia-Lin Tsou, Richard M Ransohoff, Israel F Charo	Noah Saederup	Israel F Charo	Gladstone Institute of Cardiovascular Disease, San Francisco, California, United States of America.	NINDS NIH HHS; R01NS32151
Lu H, Huang D, Saederup N, Charo IF, Ransohoff RM, Zhou L	Macrophages recruited via CCR2 produce insulin-like growth factor-1 to repair acute skeletal muscle injury.	FASEB J.	25:1:358-69	2011	20889618	34	Haiyan Lu, Danping Huang, Noah Saederup, Israel F Charo, Richard M Ransohoff, Lan Zhou	Haiyan Lu	Lan Zhou	Neuroinflammation Research Center, Department of Neurosciences, Lerner Research Institute, Cleveland Clinic, 9500 Euclid Ave./S90, Cleveland, OH 44195, USA.	PHS HHS; MDA#91682
Yan W, Si Y, Slaymaker S, Li J, Zheng H, Young DL, Aslanian A, Saunders L, Verdin E, Charo IF	Zmynd15 encodes a histone deacetylase-dependent transcriptional repressor essential for spermiogenesis and male fertility.	J. Biol. Chem.	285:41:31418-26	2010	20675388	NA	Wei Yan, Yue Si, Sarah Slaymaker, Jiachen Li, Huili Zheng, David L Young, Ara Aslanian, Laura Saunders, Eric Verdin, Israel F Charo	Wei Yan	Israel F Charo	Department of Physiology and Cell Biology, University of Nevada School of Medicine, Reno, Nevada 89557, USA.	NICHD NIH HHS; R03 HD048855-02
Dai E, Liu LY, Wang H, McIvor D, Sun YM, Macaulay C, King E, Munuswamy-Ramanujam G, Bartee MY, Williams J, Davids J, Charo I, McFadden G, Esko JD, Lucas AR	Inhibition of chemokine-glycosaminoglycan interactions in donor tissue reduces mouse allograft vasculopathy and transplant rejection.	PLoS ONE	5:5:e10510	2010	20463901	12	Erbin Dai, Li-Ying Liu, Hao Wang, Dana McIvor, Yun Ming Sun, Colin Macaulay, Elaine King, Ganesh Munuswamy-Ramanujam, Mee Yong Bartee, Jennifer Williams, Jennifer Davids, Israel Charo, Grant McFadden, Jeffrey D Esko, Alexandra R Lucas	Erbin Dai	Alexandra R Lucas	Vascular Biology Research Group, Robarts Research Institute, The University of Western Ontario, London, Ontario, Canada.	Canadian Institutes of Health Research; MOP 577578
Si Y, Tsou CL, Croft K, Charo IF	CCR2 mediates hematopoietic stem and progenitor cell trafficking to sites of inflammation in mice.	J. Clin. Invest.	120:4:1192-203	2010	20234092	48	Yue Si, Chia-Lin Tsou, Kelsey Croft, Israel F Charo	Yue Si	Israel F Charo	Gladstone Institute of Cardiovascular Disease, San Francisco, California 94158, USA.	NHLBI NIH HHS; R01 HL052773
Daugherty A, Rateri DL, Charo IF, Owens AP, Howatt DA, Cassis LA	Angiotensin II infusion promotes ascending aortic aneurysms: attenuation by CCR2 deficiency in apoE-/- mice.	Clin. Sci.	118:11:681-9	2010	20088827	NA	Alan Daugherty, Debra L Rateri, Israel F Charo, A Phillip Owens, Deborah A Howatt, Lisa A Cassis	Alan Daugherty	Lisa A Cassis	Saha Cardiovascular Research Center, University of Kentucky, Lexington, KY 40536, U.S.A. Alan.Daugherty@uky.edu	NHLBI NIH HHS; HL80100
Auffray C, Fogg DK, Narni-Mancinelli E, Senechal B, Trouillet C, Saederup N, Leemput J, Bigot K, Campisi L, Abitbol M, Molina T, Charo I, Hume DA, Cumano A, Lauvau G, Geissmann F	CX3CR1+ CD115+ CD135+ common macrophage/DC precursors and the role of CX3CR1 in their response to inflammation.	J. Exp. Med.	206:3:595-606	2009	19273628	122	Cedric Auffray, Darin K Fogg, Emilie Narni-Mancinelli, Brigitte Senechal, Celine Trouillet, Noah Saederup, Julia Leemput, Karine Bigot, Laura Campisi, Marc Abitbol, Thierry Molina, Israel Charo, David A Hume, Ana Cumano, Gregoire Lauvau, Frederic Geissmann	Cedric Auffray	Frederic Geissmann	Laboratory of Biology of the Mononuclear Phagocyte System, Institut National de la Santé et de la Recherche Médicale U838, Université Paris-Descartes, 75015 Paris, France.	NA
Martin AP, Rankin S, Pitchford S, Charo IF, Furtado GC, Lira SA	Increased expression of CCL2 in insulin-producing cells of transgenic mice promotes mobilization of myeloid cells from the bone marrow, marked insulitis, and diabetes.	Diabetes	57:11:3025-33	2008	18633103	NA	Andrea P Martin, Sara Rankin, Simon Pitchford, Israel F Charo, Glaucia C Furtado, Sergio A Lira	Andrea P Martin	Sergio A Lira	Immunology Institute, Mount Sinai School of Medicine, New York, New York, USA.	British Heart Foundation; PG/05/-92
Jia T, Serbina NV, Brandl K, Zhong MX, Leiner IM, Charo IF, Pamer EG	Additive roles for MCP-1 and MCP-3 in CCR2-mediated recruitment of inflammatory monocytes during Listeria monocytogenes infection.	J. Immunol.	180:10:6846-53	2008	18453605	104	Ting Jia, Natalya V Serbina, Katharina Brandl, Maggie X Zhong, Ingrid M Leiner, Israel F Charo, Eric G Pamer	Ting Jia	Eric G Pamer	Infectious Diseases Service, Department of Medicine, Memorial Sloan-Kettering Cancer Center, New York, NY 10021, USA.	NIAID NIH HHS; R37 AI039031-13
Alexis JD, Pyo RT, Chereshnev I, Katz J, Rollins BJ, Charo IF, Taubman MB	Inhibition of MCP-1/CCR2 signaling does not inhibit intimal proliferation in a mouse aortic transplant model.	J. Vasc. Res.	45:6:538-46	2008	18463419	9	Jeffrey D Alexis, Robert T Pyo, Igor Chereshnev, Jonathan Katz, Barrett J Rollins, Israel F Charo, Mark B Taubman	Jeffrey D Alexis	Mark B Taubman	Aab Cardiovascular Research Institute, University of Rochester School of Medicine and Dentistry, Rochester, NY 14586, USA. jeffrey_alexis@urmc.rochester.edu	NA
Saederup N, Chan L, Lira SA, Charo IF	Fractalkine deficiency markedly reduces macrophage accumulation and atherosclerotic lesion formation in CCR2-/- mice: evidence for independent chemokine functions in atherogenesis.	Circulation	117:13:1642-8	2008	18165355	NA	Noah Saederup, Liana Chan, Sergio A Lira, Israel F Charo	Noah Saederup	Israel F Charo	Gladstone Institute of Cardiovascular Disease, 1650 Owens St, San Francisco, CA 94158, USA.	NHLBI NIH HHS; R01 HL63894
Charo IF	Macrophage polarization and insulin resistance: PPARgamma in control.	Cell Metab.	6:2:96-8	2007	17681144	NA	Israel F Charo	Israel F Charo	Israel F Charo	Gladstone Institute of Cardiovascular Disease, Cardiovascular Research Institute, and Department of Medicine, University of California, San Francisco, San Francisco, CA 94158, USA. icharo@gladstone.ucsf.edu	NA
Tsou CL, Peters W, Si Y, Slaymaker S, Aslanian AM, Weisberg SP, Mack M, Charo IF	Critical roles for CCR2 and MCP-3 in monocyte mobilization from bone marrow and recruitment to inflammatory sites.	J. Clin. Invest.	117:4:902-9	2007	17364026	313	Chia-Lin Tsou, Wendy Peters, Yue Si, Sarah Slaymaker, Ara M Aslanian, Stuart P Weisberg, Matthias Mack, Israel F Charo	Chia-Lin Tsou	Israel F Charo	Gladstone Institute of Cardiovascular Disease, UCSF, San Francisco, California 94158, USA.	NHLBI NIH HHS; R01 HL63894-07
Bennett JL, Elhofy A, Charo I, Miller SD, Dal Canto MC, Karpus WJ	CCR2 regulates development of Theiler's murine encephalomyelitis virus-induced demyelinating disease.	Viral Immunol.	20:1:19-33	2007	17425418		Jami L Bennett, Adam Elhofy, Israel Charo, Stephen D Miller, Mauro C Dal Canto, William J Karpus	Jami L Bennett	William J Karpus	Department of Pathology, Feinberg School of Medicine, Northwestern University, Chicago, Illinois 60611, USA.	NINDS NIH HHS; P01 NS023349
Wareing MD, Lyon A, Inglis C, Giannoni F, Charo I, Sarawar SR	Chemokine regulation of the inflammatory response to a low-dose influenza infection in CCR2-/- mice.	J. Leukoc. Biol.	81:3:793-801	2007	17179466	NA	Mark D Wareing, Ashley Lyon, Chandra Inglis, Francesca Giannoni, Israel Charo, Sally R Sarawar	Mark D Wareing	Sally R Sarawar	Torrey Pines Institute for Molecular Studies, San diego, CA, USA. mark.wareing@ki.se	NIAID NIH HHS; AI44247
Sautter NB, Shick EH, Ransohoff RM, Charo IF, Hirose K	CC chemokine receptor 2 is protective against noise-induced hair cell death: studies in CX3CR1(+/GFP) mice.	J. Assoc. Res. Otolaryngol.	7:4:361-72	2006	17075702	12	Nathan B Sautter, Elizabeth H Shick, Richard M Ransohoff, Israel F Charo, Keiko Hirose	Nathan B Sautter	Keiko Hirose	Head and Neck Institute, Cleveland Clinic, Cleveland, OH 44195, USA.	NIDCD NIH HHS; K08 DC005761
Ragozzino D, Di Angelantonio S, Trettel F, Bertollini C, Maggi L, Gross C, Charo IF, Limatola C, Eusebi F	Chemokine fractalkine/CX3CL1 negatively modulates active glutamatergic synapses in rat hippocampal neurons.	J. Neurosci.	26:41:10488-98	2006	17035533	34	Davide Ragozzino, Silvia Di Angelantonio, Flavia Trettel, Cristina Bertollini, Laura Maggi, Cornelius Gross, Israel F Charo, Cristina Limatola, Fabrizio Eusebi	Davide Ragozzino	Fabrizio Eusebi	Istituto Pasteur-Fondazione Cenci Bolognetti and Dipartimento di Fisiologia Umana e Farmacologia, Università La Sapienza, Centro di Eccellenza BEMM, 00185 Roma, Italy. davide.ragozzino@uniroma1.it	NA
Aslanian AM, Charo IF	Targeted disruption of the scavenger receptor and chemokine CXCL16 accelerates atherosclerosis.	Circulation	114:6:583-90	2006	16880330	102	Ara M Aslanian, Israel F Charo	Ara M Aslanian	Israel F Charo	Gladstone Institute of Cardiovascular Disease, 1650 Owens St, San Francisco, Calif 94158, USA.	NHLBI NIH HHS; R01 HL63894-05
Green SR, Han KH, Chen Y, Almazan F, Charo IF, Miller YI, Quehenberger O	The CC chemokine MCP-1 stimulates surface expression of CX3CR1 and enhances the adhesion of monocytes to fractalkine/CX3CL1 via p38 MAPK.	J. Immunol.	176:12:7412-20	2006	16751386	40	Simone R Green, Ki Hoon Han, Yiming Chen, Felicidad Almazan, Israel F Charo, Yury I Miller, Oswald Quehenberger	Simone R Green	Oswald Quehenberger	Department of Medicine, University of California, San Diego, La Jolla, 92093, USA.	NHLBI NIH HHS; HL56989
Ali T, Humphries J, Burnand K, Sawyer B, Bursill C, Channon K, Greaves D, Rollins B, Charo IF, Smith A	Monocyte recruitment in venous thrombus resolution.	J. Vasc. Surg.	43:3:601-8	2006	16520180	31	Tahir Ali, Julia Humphries, Kevin Burnand, Barbara Sawyer, Christina Bursill, Keith Channon, David Greaves, Barrett Rollins, Israel F Charo, Alberto Smith	Tahir Ali	Alberto Smith	Academic Department of Surgery, Cardiovascular Division, GKT, King's College, St Thomas's Hospital, London, United Kingdom.	NHLBI NIH HHS; HL52773
Charo IF, Ransohoff RM	The many roles of chemokines and chemokine receptors in inflammation.	N. Engl. J. Med.	354:6:610-21	2006	16467548	1326	Israel F Charo, Richard M Ransohoff	Israel F Charo	Richard M Ransohoff	Gladstone Institute of Cardiovascular Disease and the Cardiovascular Research Institute, Department of Medicine, University of California, San Francisco, San Francisco, USA. icharo@gladstone.ucsf.edu	NA
Oshima T, Sonoda KH, Tsutsumi-Miyahara C, Qiao H, Hisatomi T, Nakao S, Hamano S, Egashira K, Charo IF, Ishibashi T	Analysis of corneal inflammation induced by cauterisation in CCR2 and MCP-1 knockout mice.	Br J Ophthalmol	90:2:218-22	2006	16424537	17	T Oshima, K-H Sonoda, C Tsutsumi-Miyahara, H Qiao, T Hisatomi, S Nakao, S Hamano, K Egashira, I F Charo, T Ishibashi	T Oshima	T Ishibashi	Department of Ophthalmology, Graduate School of Medical Sciences, Kyushu University, 3-1-1 Maidashi, Higashi-Ku, Fukuoka, Japan.	NA
Weisberg SP, Hunter D, Huber R, Lemieux J, Slaymaker S, Vaddi K, Charo I, Leibel RL, Ferrante AW	CCR2 modulates inflammatory and metabolic effects of high-fat feeding.	J. Clin. Invest.	116:1:115-24	2006	16341265	744	Stuart P Weisberg, Deborah Hunter, Reid Huber, Jacob Lemieux, Sarah Slaymaker, Kris Vaddi, Israel Charo, Rudolph L Leibel, Anthony W Ferrante	Stuart P Weisberg	Anthony W Ferrante	Department of Medicine, Naomi Berrie Diabetes Center, Columbia University College of Physicians and Surgeons, New York, New York 10032, USA.	NIDDK NIH HHS; R01 DK066525-02
Veillard NR, Steffens S, Pelli G, Lu B, Kwak BR, Gerard C, Charo IF, Mach F	Differential influence of chemokine receptors CCR2 and CXCR3 in development of atherosclerosis in vivo.	Circulation	112:6:870-8	2005	16061736	90	Niels R Veillard, Sabine Steffens, Graziano Pelli, B Lu, Brenda R Kwak, Craig Gerard, Israel F Charo, François Mach	Niels R Veillard	François Mach	Division of Cardiology, Foundation for Medical Research, University Hospital Geneva, Geneva, Switzerland.	NHLBI NIH HHS; HL63894
Huang D, Wujek J, Kidd G, He TT, Cardona A, Sasse ME, Stein EJ, Kish J, Tani M, Charo IF, Proudfoot AE, Rollins BJ, Handel T, Ransohoff RM	Chronic expression of monocyte chemoattractant protein-1 in the central nervous system causes delayed encephalopathy and impaired microglial function in mice.	FASEB J.	19:7:761-72	2005	15857890	46	Deren Huang, Jerome Wujek, Graham Kidd, Toby T He, Astrid Cardona, Margaret E Sasse, Erica J Stein, Jacqueline Kish, Marie Tani, Israel F Charo, Amanda E Proudfoot, Barrett J Rollins, Tracy Handel, Richard M Ransohoff	Deren Huang	Richard M Ransohoff	Department of Neurosciences, Lerner Research Institute, The Cleveland Clinic Foundation, Cleveland, Ohio 44195, USA.	NINDS NIH HHS; 3R01 NS32151-09
Aslanian AM, Chapman HA, Charo IF	Transient role for CD1d-restricted natural killer T cells in the formation of atherosclerotic lesions.	Arterioscler. Thromb. Vasc. Biol.	25:3:628-32	2005	15591216	51	Ara M Aslanian, Harold A Chapman, Israel F Charo	Ara M Aslanian	Israel F Charo	Gladstone Institute of Cardiovascular Disease, University of California, San Francisco, USA.	NHLBI NIH HHS; HL63894
Qu C, Edwards EW, Tacke F, Angeli V, Llodrá J, Sanchez-Schmitz G, Garin A, Haque NS, Peters W, van Rooijen N, Sanchez-Torres C, Bromberg J, Charo IF, Jung S, Lira SA, Randolph GJ	Role of CCR8 and other chemokine pathways in the migration of monocyte-derived dendritic cells to lymph nodes.	J. Exp. Med.	200:10:1231-41	2004	15534368	185	Chunfeng Qu, Emmerson W Edwards, Frank Tacke, Véronique Angeli, Jaime Llodrá, Guzman Sanchez-Schmitz, Alexandre Garin, Nasreen S Haque, Wendy Peters, Nico van Rooijen, Carmen Sanchez-Torres, Jonathan Bromberg, Israel F Charo, Steffen Jung, Sergio A Lira, Gwendalyn J Randolph	Chunfeng Qu	Gwendalyn J Randolph	Dept. of Gene and Cell Medicine, Mt. Sinai School of Medicine, Box 1496, 1425 Madison Ave., New York, NY 10029, USA.	NA
Charo IF, Taubman MB	Chemokines in the pathogenesis of vascular disease.	Circ. Res.	95:9:858-66	2004	15514167	578	Israel F Charo, Mark B Taubman	Israel F Charo	Mark B Taubman	Gladstone Institute of Cardiovascular Disease, PO Box 419100, San Francisco, CA 94141-9100, USA. icharo@gladstone.ucsf.edu	NHLBI NIH HHS; HL63984
Tang G, Charo DN, Wang R, Charo IF, Messina L	CCR2-/- knockout mice revascularize normally in response to severe hindlimb ischemia.	J. Vasc. Surg.	40:4:786-95	2004	15472609	NA	Gale Tang, David N Charo, Rong Wang, Israel F Charo, Louis Messina	Gale Tang	Louis Messina	Pacific Vascular Research Laboratory, Department of Surgery, Division of Vascular Surgery, University of California, San Francisco 94143-0222, USA.	NHLBI NIH HHS; HL75353
Chiu BC, Freeman CM, Stolberg VR, Hu JS, Zeibecoglou K, Lu B, Gerard C, Charo IF, Lira SA, Chensue SW	Impaired lung dendritic cell activation in CCR2 knockout mice.	Am. J. Pathol.	165:4:1199-209	2004	15466386	36	Bo-Chin Chiu, Christine M Freeman, Valerie R Stolberg, Jerry S Hu, Kyriaki Zeibecoglou, Bao Lu, Craig Gerard, Israel F Charo, Sergio A Lira, Stephen W Chensue	Bo-Chin Chiu	Stephen W Chensue	Department of Pathology, University of Michigan Medical School, Ann Arbor, USA.	NIAID NIH HHS; R01 AI043460-06
Koth LL, Rodriguez MW, Bernstein XL, Chan S, Huang X, Charo IF, Rollins BJ, Erle DJ	Aspergillus antigen induces robust Th2 cytokine production, inflammation, airway hyperreactivity and fibrosis in the absence of MCP-1 or CCR2.	Respir. Res.	5:12	2004	15377395	21	Laura L Koth, Madeleine W Rodriguez, Xin Liu Bernstein, Salina Chan, Xiaozhu Huang, Israel F Charo, Barrett J Rollins, David J Erle	Laura L Koth	David J Erle	Lung Biology Center, Department of Medicine, University of California, San Francisco, California, USA. lkoth@itsa.ucsf.edu <lkoth@itsa.ucsf.edu>	NA
Tsutsumi-Miyahara C, Sonoda KH, Egashira K, Ishibashi M, Qiao H, Oshima T, Murata T, Miyazaki M, Charo IF, Hamano S, Ishibashi T	The relative contributions of each subset of ocular infiltrated cells in experimental choroidal neovascularisation.	Br J Ophthalmol	88:9:1217-22	2004	15317719	41	C Tsutsumi-Miyahara, K-H Sonoda, K Egashira, M Ishibashi, H Qiao, T Oshima, T Murata, M Miyazaki, I F Charo, S Hamano, T Ishibashi	C Tsutsumi-Miyahara	T Ishibashi	Department of Ophthalmology, Graduate School of Medical Sciences, Kyushu University, 3-1-1 Maidashi, Higashi-Ku, Fukuoka 812-8582, Japan.	NA
Ishibashi M, Egashira K, Zhao Q, Hiasa K, Ohtani K, Ihara Y, Charo IF, Kura S, Tsuzuki T, Takeshita A, Sunagawa K	Bone marrow-derived monocyte chemoattractant protein-1 receptor CCR2 is critical in angiotensin II-induced acceleration of atherosclerosis and aneurysm formation in hypercholesterolemic mice.	Arterioscler. Thromb. Vasc. Biol.	24:11:e174-8	2004	15331433	NA	Minako Ishibashi, Kensuke Egashira, Qingwei Zhao, Ken-ichi Hiasa, Kisho Ohtani, Yoshiko Ihara, Israel F Charo, Shinobu Kura, Teruhisa Tsuzuki, Akira Takeshita, Kenji Sunagawa	Minako Ishibashi	Kenji Sunagawa	Department of Cardiovascular Medicine, Graduate School of Medical Sciences, Kyushu University, Fukuoka, Japan.	NA
Peters W, Cyster JG, Mack M, Schlöndorff D, Wolf AJ, Ernst JD, Charo IF	CCR2-dependent trafficking of F4/80dim macrophages and CD11cdim/intermediate dendritic cells is crucial for T cell recruitment to lungs infected with Mycobacterium tuberculosis.	J. Immunol.	172:12:7647-53	2004	15187146	NA	Wendy Peters, Jason G Cyster, Matthias Mack, Detlef Schlöndorff, Andrea J Wolf, Joel D Ernst, Israel F Charo	Wendy Peters	Israel F Charo	Gladstone Institute of Cardiovascular Disease, PO Box 419100, San Francisco, CA 94141, USA. wpeters@gladstone.ucsf.edu	NIAID NIH HHS; AI 51242
Merad M, Hoffmann P, Ranheim E, Slaymaker S, Manz MG, Lira SA, Charo I, Cook DN, Weissman IL, Strober S, Engleman EG	Depletion of host Langerhans cells before transplantation of donor alloreactive T cells prevents skin graft-versus-host disease.	Nat. Med.	10:5:510-7	2004	15098028	253	Miriam Merad, Petra Hoffmann, Erik Ranheim, Sarah Slaymaker, Markus G Manz, Sergio A Lira, Israel Charo, Donald N Cook, Irving L Weissman, Samuel Strober, Edgar G Engleman	Miriam Merad	Edgar G Engleman	Department of Pathology, Stanford University School of Medicine, Palo Alto, California 94304, USA. miriam.merad@mssm.edu	NHLBI NIH HHS; HL57443
Ishibashi M, Hiasa K, Zhao Q, Inoue S, Ohtani K, Kitamoto S, Tsuchihashi M, Sugaya T, Charo IF, Kura S, Tsuzuki T, Ishibashi T, Takeshita A, Egashira K	Critical role of monocyte chemoattractant protein-1 receptor CCR2 on monocytes in hypertension-induced vascular inflammation and remodeling.	Circ. Res.	94:9:1203-10	2004	15059935	120	Minako Ishibashi, Ken-ichi Hiasa, Qingwei Zhao, Shujiro Inoue, Kisho Ohtani, Shiro Kitamoto, Miyuki Tsuchihashi, Takeshi Sugaya, Israel F Charo, Shinobu Kura, Teruhisa Tsuzuki, Tatsuro Ishibashi, Akira Takeshita, Kensuke Egashira	Minako Ishibashi	Kensuke Egashira	Department of Cardiovascular Medicine, Graduate School of Medical Science, Kyushu University, Fukuoka, Japan.	NA
Schecter AD, Berman AB, Yi L, Ma H, Daly CM, Soejima K, Rollins BJ, Charo IF, Taubman MB	MCP-1-dependent signaling in CCR2(-/-) aortic smooth muscle cells.	J. Leukoc. Biol.	75:6:1079-85	2004	15020650	NA	Alison D Schecter, Adriane B Berman, Lin Yi, Harry Ma, Christine M Daly, Kenzo Soejima, Barrett J Rollins, Israel F Charo, Mark B Taubman	Alison D Schecter	Mark B Taubman	The Cardiovascular Institute, Department of Medicine, Mount Sinai School of Medicine, One Gustave L. Levy Place, New York, NY 10029, USA. alison.schecter@mssm.edu	NIGMS NIH HHS; T32GM07288
Abdi R, Means TK, Ito T, Smith RN, Najafian N, Jurewicz M, Tchipachvili V, Charo I, Auchincloss H, Sayegh MH, Luster AD	Differential role of CCR2 in islet and heart allograft rejection: tissue specificity of chemokine/chemokine receptor function in vivo.	J. Immunol.	172:2:767-75	2004	14707046	64	Reza Abdi, Terry K Means, Toshiro Ito, Rex Neal Smith, Nader Najafian, Mollie Jurewicz, Vaja Tchipachvili, Israel Charo, Hugh Auchincloss, Mohamed H Sayegh, Andrew D Luster	Reza Abdi	Andrew D Luster	Laboratory of Immunogenetics and Transplantation, Renal Division, Brigham and Women's Hospital, Harvard Medical School, 75 Francis Street, Boston, MA 02120, USA. rabdi@rics.bwh.harvard.edu	NCI NIH HHS; R01 CA 69212
Gharaee-Kermani M, McCullumsmith RE, Charo IF, Kunkel SL, Phan SH	CC-chemokine receptor 2 required for bleomycin-induced pulmonary fibrosis.	Cytokine	24:6:266-76	2003	14609568	92	Mehrnaz Gharaee-Kermani, Robert E McCullumsmith, Israel F Charo, Steven L Kunkel, Sem H Phan	Mehrnaz Gharaee-Kermani	Sem H Phan	Department of Internal Medicine, University of Michigan Medical School, Ann Arbor, MI 48109-0602, USA.	NHLBI NIH HHS; HL52285
Panoskaltsis-Mortari A, Hermanson JR, Taras E, Wangensteen OD, Charo IF, Rollins BJ, Blazar BR	Post-BMT lung injury occurs independently of the expression of CCL2 or its receptor, CCR2, on host cells.	Am. J. Physiol. Lung Cell Mol. Physiol.	286:2:L284-92	2004	14527928	12	Angela Panoskaltsis-Mortari, John R Hermanson, Elizabeth Taras, O Douglas Wangensteen, Israel F Charo, Barrett J Rollins, Bruce R Blazar	Angela Panoskaltsis-Mortari	Bruce R Blazar	University of Minnesota, Department of Pediatrics, Division of Hematology-Oncology, 420 Delaware St. SE, Minneapolis, MN 55455, USA. panos001@umn.edu	NHLBI NIH HHS; R01-HL-66308
Tsutsumi C, Sonoda KH, Egashira K, Qiao H, Hisatomi T, Nakao S, Ishibashi M, Charo IF, Sakamoto T, Murata T, Ishibashi T	The critical role of ocular-infiltrating macrophages in the development of choroidal neovascularization.	J. Leukoc. Biol.	74:1:25-32	2003	12832439	130	Chikako Tsutsumi, Koh-Hei Sonoda, Kensuke Egashira, Hong Qiao, Toshio Hisatomi, Shintaro Nakao, Minako Ishibashi, Israel F Charo, Taiji Sakamoto, Toshinori Murata, Tatsuro Ishibashi	Chikako Tsutsumi	Tatsuro Ishibashi	Department of Ophthalmology, Graduate School of Medical Sciences, Kyushu University, Fukuoka, Japan.	NA
Charo IF, Peters W	Chemokine receptor 2 (CCR2) in atherosclerosis, infectious diseases, and regulation of T-cell polarization.	Microcirculation	10:3-4:259-64	2003	12851643	NA	Israel F Charo, Wendy Peters	Israel F Charo	Wendy Peters	Gladstone Institute of Cardiovascular Disease, San Francisco, CA 94141-9100, USA. icharo@gladstone.ucsf.edu	NHLBI NIH HHS; HL52773
Lesnik P, Haskell CA, Charo IF	Decreased atherosclerosis in CX3CR1-/- mice reveals a role for fractalkine in atherogenesis.	J. Clin. Invest.	111:3:333-40	2003	12569158	NA	Philippe Lesnik, Christopher A Haskell, Israel F Charo	Philippe Lesnik	Israel F Charo	Gladstone Institute of Cardiovascular Disease, San Francisco, California 94141, USA.	NHLBI NIH HHS; HL-63894
Stein O, Dabach Y, Ben-Naim M, Halperin G, Charo IF, Stein Y	In CCR2-/- mice monocyte recruitment and egress of LDL cholesterol in vivo is impaired.	Biochem. Biophys. Res. Commun.	300:2:477-81	2003	12504109	NA	Olga Stein, Yedida Dabach, Mazal Ben-Naim, Gideon Halperin, Israel F Charo, Yechezkiel Stein	Olga Stein	Yechezkiel Stein	Department of Experimental Medicine and Cancer Research, Hebrew University-Hadassah Medical School, Jerusalem, Israel.	NA
Huang D, Tani M, Wang J, Han Y, He TT, Weaver J, Charo IF, Tuohy VK, Rollins BJ, Ransohoff RM	Pertussis toxin-induced reversible encephalopathy dependent on monocyte chemoattractant protein-1 overexpression in mice.	J. Neurosci.	22:24:10633-42	2002	12486156	50	DeRen Huang, Marie Tani, Jintang Wang, Yulong Han, Toby T He, Jennifer Weaver, Israel F Charo, Vincent K Tuohy, Barrett J Rollins, Richard M Ransohoff	DeRen Huang	Richard M Ransohoff	Department of Neurosciences, Lerner Research Institute, The Cleveland Clinic Foundation, Cleveland, Ohio 44195, USA.	NINDS NIH HHS; 2R01 NS32151-09
Merad M, Manz MG, Karsunky H, Wagers A, Peters W, Charo I, Weissman IL, Cyster JG, Engleman EG	Langerhans cells renew in the skin throughout life under steady-state conditions.	Nat. Immunol.	3:12:1135-41	2002	12415265	544	Miriam Merad, Markus G Manz, Holger Karsunky, Amy Wagers, Wendy Peters, Israel Charo, Irving L Weissman, Jason G Cyster, Edgar G Engleman	Miriam Merad	Edgar G Engleman	Department of Pathology, Stanford University School of Medicine, Stanford, CA 94304, USA. meradm@stanford.edu	NHLBI NIH HHS; HL57443
Ma M, Wei T, Boring L, Charo IF, Ransohoff RM, Jakeman LB	Monocyte recruitment and myelin removal are delayed following spinal cord injury in mice with CCR2 chemokine receptor deletion.	J. Neurosci. Res.	68:6:691-702	2002	12111830	65	Manhong Ma, Tao Wei, Landin Boring, Israel F Charo, Richard M Ransohoff, Lyn B Jakeman	Manhong Ma	Lyn B Jakeman	Department of Physiology and Cell Biology, College of Medicine and Public Health, The Ohio State University, Columbus, Ohio, USA.	NINDS NIH HHS; NS32151
Egashira K, Zhao Q, Kataoka C, Ohtani K, Usui M, Charo IF, Nishida K, Inoue S, Katoh M, Ichiki T, Takeshita A	Importance of monocyte chemoattractant protein-1 pathway in neointimal hyperplasia after periarterial injury in mice and monkeys.	Circ. Res.	90:11:1167-72	2002	12065319	165	Kensuke Egashira, Qingwei Zhao, Chu Kataoka, Kishou Ohtani, Makoto Usui, Israel F Charo, Ken-Ichi Nishida, Shujiro Inoue, Makoto Katoh, Toshihiro Ichiki, Akira Takeshita	Kensuke Egashira	Akira Takeshita	Department of Cardiovascular Medicine, Graduate School of Medical Sciences, Kyushu University, Fukuoka, Japan. egashira@cardiol.med.kyushu-u.ac.jp	NA
Tylaska LA, Boring L, Weng W, Aiello R, Charo IF, Rollins BJ, Gladue RP	Ccr2 regulates the level of MCP-1/CCL2 in vitro and at inflammatory sites and controls T cell activation in response to alloantigen.	Cytokine	18:4:184-90	2002	12126640	54	L A Tylaska, L Boring, W Weng, R Aiello, I F Charo, B J Rollins, R P Gladue	L A Tylaska	R P Gladue	Pfizer Global Research and Development, Department of Immunology, Groton, CT 06340, USA. Ronald_P_Gladue@Groton.Pfizer.com	NA
Roque M, Kim WJ, Gazdoin M, Malik A, Reis ED, Fallon JT, Badimon JJ, Charo IF, Taubman MB	CCR2 deficiency decreases intimal hyperplasia after arterial injury.	Arterioscler. Thromb. Vasc. Biol.	22:4:554-9	2002	11950690	129	Merce Roque, William J H Kim, Michaela Gazdoin, Alia Malik, Ernane D Reis, John T Fallon, Juan J Badimon, Israel F Charo, Mark B Taubman	Merce Roque	Mark B Taubman	Zena and Michael A. Wiener Cardiovascular Institute, Department of Medicine, Mount Sinai School of Medicine, New York, NY, USA.	NHLBI NIH HHS; T32 HL07824
Keppler OT, Welte FJ, Ngo TA, Chin PS, Patton KS, Tsou CL, Abbey NW, Sharkey ME, Grant RM, You Y, Scarborough JD, Ellmeier W, Littman DR, Stevenson M, Charo IF, Herndier BG, Speck RF, Goldsmith MA	Progress toward a human CD4/CCR5 transgenic rat model for de novo infection by human immunodeficiency virus type 1.	J. Exp. Med.	195:6:719-36	2002	11901198	81	Oliver T Keppler, Frank J Welte, Tuan A Ngo, Peggy S Chin, Kathryn S Patton, Chia-Lin Tsou, Nancy W Abbey, Mark E Sharkey, Robert M Grant, Yun You, John D Scarborough, Wilfried Ellmeier, Dan R Littman, Mario Stevenson, Israel F Charo, Brian G Herndier, Roberto F Speck, Mark A Goldsmith	Oliver T Keppler	Mark A Goldsmith	Gladstone Institute of Virology and Immunology, School of Medicine, University of California at San Francisco, San Francisco, CA 94141, USA.	NIAID NIH HHS; R21-AI 46258
Zhu Z, Ma B, Zheng T, Homer RJ, Lee CG, Charo IF, Noble P, Elias JA	IL-13-induced chemokine responses in the lung: role of CCR2 in the pathogenesis of IL-13-induced inflammation and remodeling.	J. Immunol.	168:6:2953-62	2002	11884467	180	Zhou Zhu, Bing Ma, Tao Zheng, Robert J Homer, Chun Geun Lee, Israel F Charo, Paul Noble, Jack A Elias	Zhou Zhu	Jack A Elias	Section of Pulmonary and Critical Care Medicine, Departments of Internal Medicine and Pathology, Yale University School of Medicine, New Haven, CT 06520, USA.	NHLBI NIH HHS; HL-64242
Dupuis M, Denis-Mize K, LaBarbara A, Peters W, Charo IF, McDonald DM, Ott G	Immunization with the adjuvant MF59 induces macrophage trafficking and apoptosis.	Eur. J. Immunol.	31:10:2910-8	2001	11592066	79	M Dupuis, K Denis-Mize, A LaBarbara, W Peters, I F Charo, D M McDonald, G Ott	M Dupuis	G Ott	Cardiovascular Research Institute and Department of Anatomy, University of California, San Francisco, USA.	NHLBI NIH HHS; HL 24136
Tsou CL, Haskell CA, Charo IF	Tumor necrosis factor-alpha-converting enzyme mediates the inducible cleavage of fractalkine.	J. Biol. Chem.	276:48:44622-6	2001	11571300	NA	C L Tsou, C A Haskell, I F Charo	C L Tsou	I F Charo	Gladstone Institute of Cardiovascular Disease, San Francisco, California 94141-9100, USA.	NHLBI NIH HHS; HL 63894
Haskell CA, Hancock WW, Salant DJ, Gao W, Csizmadia V, Peters W, Faia K, Fituri O, Rottman JB, Charo IF	Targeted deletion of CX(3)CR1 reveals a role for fractalkine in cardiac allograft rejection.	J. Clin. Invest.	108:5:679-88	2001	11544273	147	C A Haskell, W W Hancock, D J Salant, W Gao, V Csizmadia, W Peters, K Faia, O Fituri, J B Rottman, I F Charo	C A Haskell	I F Charo	Gladstone Institute of Cardiovascular Disease, San Francisco, California 94141-9100, USA.	NHLBI NIH HHS; HL-63894
Belperio JA, Keane MP, Burdick MD, Lynch JP, Xue YY, Berlin A, Ross DJ, Kunkel SL, Charo IF, Strieter RM	Critical role for the chemokine MCP-1/CCR2 in the pathogenesis of bronchiolitis obliterans syndrome.	J. Clin. Invest.	108:4:547-56	2001	11518728	187	J A Belperio, M P Keane, M D Burdick, J P Lynch, Y Y Xue, A Berlin, D J Ross, S L Kunkel, I F Charo, R M Strieter	J A Belperio	R M Strieter	Department of Medicine, Division of Pulmonary and Critical Care Medicine, University of California Los Angeles School of Medicine, Los Angeles, California 90024-1922, USA.	NHLBI NIH HHS; P50HL-67665
Peters W, Scott HM, Chambers HF, Flynn JL, Charo IF, Ernst JD	Chemokine receptor 2 serves an early and essential role in resistance to Mycobacterium tuberculosis.	Proc. Natl. Acad. Sci. U.S.A.	98:14:7958-63	2001	11438742	205	W Peters, H M Scott, H F Chambers, J L Flynn, I F Charo, J D Ernst	W Peters	J D Ernst	Gladstone Institute of Cardiovascular Disease, San Francisco, CA 94141-9100, USA.	NHLBI NIH HHS; HL52773
Drake PM, Gunn MD, Charo IF, Tsou CL, Zhou Y, Huang L, Fisher SJ	Human placental cytotrophoblasts attract monocytes and CD56(bright) natural killer cells via the actions of monocyte inflammatory protein 1alpha.	J. Exp. Med.	193:10:1199-212	2001	11369791	NA	P M Drake, M D Gunn, I F Charo, C L Tsou, Y Zhou, L Huang, S J Fisher	P M Drake	S J Fisher	Department of Biochemistry and Biophysics, University of California at San Francisco, CA 94143, USA.	NHLBI NIH HHS; HL64597
Peters W, Charo IF	Involvement of chemokine receptor 2 and its ligand, monocyte chemoattractant protein-1, in the development of atherosclerosis: lessons from knockout mice.	Curr. Opin. Lipidol.	12:2:175-80	2001	11264989	133	W Peters, I F Charo	W Peters	I F Charo	Gladstone Institute of Cardiovascular Disease, and Cardiovascular Research Institute, Department of Medicine, University of California, San Francisco, California 94141-9100, USA.	NA
Peters W, Dupuis M, Charo IF	A mechanism for the impaired IFN-gamma production in C-C chemokine receptor 2 (CCR2) knockout mice: role of CCR2 in linking the innate and adaptive immune responses.	J. Immunol.	165:12:7072-7	2000	11120836	NA	W Peters, M Dupuis, I F Charo	W Peters	I F Charo	Gladstone Institute of Cardiovascular Disease, San Francisco, CA 94141, USA.	NHLBI NIH HHS; HL52773
MacLean JA, De Sanctis GT, Ackerman KG, Drazen JM, Sauty A, DeHaan E, Green FH, Charo IF, Luster AD	CC chemokine receptor-2 is not essential for the development of antigen-induced pulmonary eosinophilia and airway hyperresponsiveness.	J. Immunol.	165:11:6568-75	2000	11086100	37	J A MacLean, G T De Sanctis, K G Ackerman, J M Drazen, A Sauty, E DeHaan, F H Green, I F Charo, A D Luster	J A MacLean	A D Luster	Center for Immunology and Inflammatory Disease, Division of Rheumatology, Allergy, and Immunology, Massachusetts General Hospital, Pulmonary and Critical Care Divisions, Brigham and Women's Hospital, Boston, MA 02114, USA.	NCI NIH HHS; CA69212
Haskell CA, Cleary MD, Charo IF	Unique role of the chemokine domain of fractalkine in cell capture. Kinetics of receptor dissociation correlate with cell adhesion.	J. Biol. Chem.	275:44:34183-9	2000	10940307	124	C A Haskell, M D Cleary, I F Charo	C A Haskell	I F Charo	Gladstone Institute of Cardiovascular Disease, San Francisco, California 94141-9100, USA.	NHLBI NIH HHS; HL-63894
Izikson L, Klein RS, Charo IF, Weiner HL, Luster AD	Resistance to experimental autoimmune encephalomyelitis in mice lacking the CC chemokine receptor (CCR)2.	J. Exp. Med.	192:7:1075-80	2000	11015448	440	L Izikson, R S Klein, I F Charo, H L Weiner, A D Luster	L Izikson	A D Luster	Center for Neurologic Diseases, Brigham and Women's Hospital, Harvard Medical School, Boston, Massachusetts 02115, USA.	NCI NIH HHS; R01CA69212
Blease K, Mehrad B, Standiford TJ, Lukacs NW, Gosling J, Boring L, Charo IF, Kunkel SL, Hogaboam CM	Enhanced pulmonary allergic responses to Aspergillus in CCR2-/- mice.	J. Immunol.	165:5:2603-11	2000	10946288	NA	K Blease, B Mehrad, T J Standiford, N W Lukacs, J Gosling, L Boring, I F Charo, S L Kunkel, C M Hogaboam	K Blease	C M Hogaboam	Department of Pathology, Division of Pulmonary and Critical Care, University of Michigan Medical School, Ann Arbor, MI 48109, USA.	NHLBI NIH HHS; K08 HL04220-01
Hogaboam CM, Bone-Larson CL, Steinhauser ML, Matsukawa A, Gosling J, Boring L, Charo IF, Simpson KJ, Lukacs NW, Kunkel SL	Exaggerated hepatic injury due to acetaminophen challenge in mice lacking C-C chemokine receptor 2.	Am. J. Pathol.	156:4:1245-52	2000	10751350	103	C M Hogaboam, C L Bone-Larson, M L Steinhauser, A Matsukawa, J Gosling, L Boring, I F Charo, K J Simpson, N W Lukacs, S L Kunkel	C M Hogaboam	S L Kunkel	Department of Pathology, University of Michigan Medical School, Ann Arbor, Michigan 48109-0602, USA. hogaboam@path.med.umich.edu	NCI NIH HHS; CA66180
Murphy PM, Baggiolini M, Charo IF, Hébert CA, Horuk R, Matsushima K, Miller LH, Oppenheim JJ, Power CA	International union of pharmacology. XXII. Nomenclature for chemokine receptors.	Pharmacol. Rev.	52:1:145-76	2000	10699158	1581	P M Murphy, M Baggiolini, I F Charo, C A Hébert, R Horuk, K Matsushima, L H Miller, J J Oppenheim, C A Power	P M Murphy	C A Power	Laboratory of Host Defenses, National Institute of Allergy and Infectious Diseases, National Institutes of Health, Bethesda, Maryland 20892, USA. pmm@nih.gov	NA
Campbell EM, Charo IF, Kunkel SL, Strieter RM, Boring L, Gosling J, Lukacs NW	Monocyte chemoattractant protein-1 mediates cockroach allergen-induced bronchial hyperreactivity in normal but not CCR2-/- mice: the role of mast cells.	J. Immunol.	163:4:2160-7	1999	10438957	174	E M Campbell, I F Charo, S L Kunkel, R M Strieter, L Boring, J Gosling, N W Lukacs	E M Campbell	N W Lukacs	Department of Pathology, Division of Pulmonary and Critical Care, University of Michigan Medical School, Ann Arbor 48109, USA.	NHLBI NIH HHS; HL 52773
Haskell CA, Cleary MD, Charo IF	Molecular uncoupling of fractalkine-mediated cell adhesion and signal transduction. Rapid flow arrest of CX3CR1-expressing cells is independent of G-protein activation.	J. Biol. Chem.	274:15:10053-8	1999	10187784	NA	C A Haskell, M D Cleary, I F Charo	C A Haskell	I F Charo	Gladstone Institute of Cardiovascular Disease, San Francisco, CA 94141-9100, USA.	NHLBI NIH HHS; HL52773
Gosling J, Slaymaker S, Gu L, Tseng S, Zlot CH, Young SG, Rollins BJ, Charo IF	MCP-1 deficiency reduces susceptibility to atherosclerosis in mice that overexpress human apolipoprotein B.	J. Clin. Invest.	103:6:773-8	1999	10079097		J Gosling, S Slaymaker, L Gu, S Tseng, C H Zlot, S G Young, B J Rollins, I F Charo	J Gosling	I F Charo	Gladstone Institute of Cardiovascular Disease, San Francisco, California 94141, USA.	NHLBI NIH HHS; HL-52773
Reid S, Ritchie A, Boring L, Gosling J, Cooper S, Hangoc G, Charo IF, Broxmeyer HE	Enhanced myeloid progenitor cell cycling and apoptosis in mice lacking the chemokine receptor, CCR2.	Blood	93:5:1524-33	1999	10029580	55	S Reid, A Ritchie, L Boring, J Gosling, S Cooper, G Hangoc, I F Charo, H E Broxmeyer	S Reid	H E Broxmeyer	Departments of Microbiology/Immunology and Medicine, and The Walther Oncology Center, Indiana University School of Medicine, Indianapolis, IN, USA.	NHLBI NIH HHS; R01 HL56416
Charo IF	CCR2: from cloning to the creation of knockout mice.	Chem. Immunol.	72:30-41	1999	10550928		I F Charo	I F Charo	I F Charo	Gladstone Institute of Cardiovascular Disease, San Francisco, Calif., USA. icharo@gladstone.ucsf.edu	NA
Boring L, Gosling J, Cleary M, Charo IF	Decreased lesion formation in CCR2-/- mice reveals a role for chemokines in the initiation of atherosclerosis.	Nature	394:6696:894-7	1998	9732872	NA	L Boring, J Gosling, M Cleary, I F Charo	L Boring	I F Charo	Gladstone Institute of Cardiovascular Disease, San Francisco, California 94141, USA.	NA
Tsou CL, Gladue RP, Carroll LA, Paradis T, Boyd JG, Nelson RT, Neote K, Charo IF	Identification of C-C chemokine receptor 1 (CCR1) as the monocyte hemofiltrate C-C chemokine (HCC)-1 receptor.	J. Exp. Med.	188:3:603-8	1998	9687537	44	C L Tsou, R P Gladue, L A Carroll, T Paradis, J G Boyd, R T Nelson, K Neote, I F Charo	C L Tsou	I F Charo	Gladstone Institute of Cardiovascular Disease, the Cardiovascular Research Institute, and the Department of Medicine, University of California, San Francisco, California 94141, USA.	NHLBI NIH HHS; HL-52773
Arai H, Tsou CL, Charo IF	Chemotaxis in a lymphocyte cell line transfected with C-C chemokine receptor 2B: evidence that directed migration is mediated by betagamma dimers released by activation of Galphai-coupled receptors.	Proc. Natl. Acad. Sci. U.S.A.	94:26:14495-9	1997	9405641		H Arai, C L Tsou, I F Charo	H Arai	I F Charo	Gladstone Institute of Cardiovascular Disease, University of California, San Francisco, CA 94141-9100, USA.	NHLBI NIH HHS; HL52773
Boring L, Gosling J, Chensue SW, Kunkel SL, Farese RV, Broxmeyer HE, Charo IF	Impaired monocyte migration and reduced type 1 (Th1) cytokine responses in C-C chemokine receptor 2 knockout mice.	J. Clin. Invest.	100:10:2552-61	1997	9366570		L Boring, J Gosling, S W Chensue, S L Kunkel, R V Farese, H E Broxmeyer, I F Charo	L Boring	I F Charo	Gladstone Institute of Cardiovascular Disease, University of California, San Francisco 94141-9100, USA.	NHLBI NIH HHS; HL-56416
Schecter AD, Rollins BJ, Zhang YJ, Charo IF, Fallon JT, Rossikhina M, Giesen PL, Nemerson Y, Taubman MB	Tissue factor is induced by monocyte chemoattractant protein-1 in human aortic smooth muscle and THP-1 cells.	J. Biol. Chem.	272:45:28568-73	1997	9353321	200	A D Schecter, B J Rollins, Y J Zhang, I F Charo, J T Fallon, M Rossikhina, P L Giesen, Y Nemerson, M B Taubman	A D Schecter	M B Taubman	Cardiovascular Institute, The Mount Sinai School of Medicine, New York, New York 10029, USA.	NHLBI NIH HHS; HL29019
Arai H, Monteclaro FS, Tsou CL, Franci C, Charo IF	Dissociation of chemotaxis from agonist-induced receptor internalization in a lymphocyte cell line transfected with CCR2B. Evidence that directed migration does not require rapid modulation of signaling at the receptor level.	J. Biol. Chem.	272:40:25037-42	1997	9312111	NA	H Arai, F S Monteclaro, C L Tsou, C Franci, I F Charo	H Arai	I F Charo	Gladstone Institute of Cardiovascular Disease, University of California, San Francisco, California 94141-9100, USA.	NHLBI NIH HHS; HL52773
Monteclaro FS, Charo IF	The amino-terminal domain of CCR2 is both necessary and sufficient for high affinity binding of monocyte chemoattractant protein 1. Receptor activation by a pseudo-tethered ligand.	J. Biol. Chem.	272:37:23186-90	1997	9287323	NA	F S Monteclaro, I F Charo	F S Monteclaro	I F Charo	Gladstone Institute of Cardiovascular Disease, University of California, San Francisco, California 94141-9100, USA.	NHLBI NIH HHS; HL52773
Speck RF, Wehrly K, Platt EJ, Atchison RE, Charo IF, Kabat D, Chesebro B, Goldsmith MA	Selective employment of chemokine receptors as human immunodeficiency virus type 1 coreceptors determined by individual amino acids within the envelope V3 loop.	J. Virol.	71:9:7136-9	1997	9261451	NA	R F Speck, K Wehrly, E J Platt, R E Atchison, I F Charo, D Kabat, B Chesebro, M A Goldsmith	R F Speck	M A Goldsmith	Gladstone Institute of Virology and Immunology, San Francisco, California, USA.	NCI NIH HHS; CA 67358
Gosling J, Monteclaro FS, Atchison RE, Arai H, Tsou CL, Goldsmith MA, Charo IF	Molecular uncoupling of C-C chemokine receptor 5-induced chemotaxis and signal transduction from HIV-1 coreceptor activity.	Proc. Natl. Acad. Sci. U.S.A.	94:10:5061-6	1997	9144190		J Gosling, F S Monteclaro, R E Atchison, H Arai, C L Tsou, M A Goldsmith, I F Charo	J Gosling	I F Charo	Gladstone Institute of Cardiovascular Disease, University of California, San Francisco, CA 94110, USA.	NHLBI NIH HHS; HL52773
Wong LM, Myers SJ, Tsou CL, Gosling J, Arai H, Charo IF	Organization and differential expression of the human monocyte chemoattractant protein 1 receptor gene. Evidence for the role of the carboxyl-terminal tail in receptor trafficking.	J. Biol. Chem.	272:2:1038-45	1997	8995400	NA	L M Wong, S J Myers, C L Tsou, J Gosling, H Arai, I F Charo	L M Wong	I F Charo	Daiichi Research Center, University of California, San Francisco 94141-9100, USA.	NHLBI NIH HHS; HL52773
Sarafi MN, Garcia-Zepeda EA, MacLean JA, Charo IF, Luster AD	Murine monocyte chemoattractant protein (MCP)-5: a novel CC chemokine that is a structural and functional homologue of human MCP-1.	J. Exp. Med.	185:1:99-109	1997	8996246	179	M N Sarafi, E A Garcia-Zepeda, J A MacLean, I F Charo, A D Luster	M N Sarafi	A D Luster	Infectious Disease Unit, Massachusetts General Hospital, Boston, USA.	NHLBI NIH HHS; HL52773
Monteclaro FS, Arai H, Charo IF	Molecular approaches to identifying ligand binding and signaling domains of C-C chemokine receptors.	Meth. Enzymol.	288:70-84	1997	9356988		F S Monteclaro, H Arai, I F Charo	F S Monteclaro	I F Charo	Gladstone Institute of Cardiovascular Disease, University of California, San Francisco 94141, USA.	NA
Franci C, Gosling J, Tsou CL, Coughlin SR, Charo IF	Phosphorylation by a G protein-coupled kinase inhibits signaling and promotes internalization of the monocyte chemoattractant protein-1 receptor. Critical role of carboxyl-tail serines/threonines in receptor function.	J. Immunol.	157:12:5606-12	1996	8955213	NA	C Franci, J Gosling, C L Tsou, S R Coughlin, I F Charo	C Franci	I F Charo	Gladstone Institute of Cardiovascular Disease, University of California, San Francisco 94143, USA.	NHLBI NIH HHS; HL52773
Atchison RE, Gosling J, Monteclaro FS, Franci C, Digilio L, Charo IF, Goldsmith MA	Multiple extracellular elements of CCR5 and HIV-1 entry: dissociation from response to chemokines.	Science	274:5294:1924-6	1996	8943208		R E Atchison, J Gosling, F S Monteclaro, C Franci, L Digilio, I F Charo, M A Goldsmith	R E Atchison	M A Goldsmith	Gladstone Institute of Virology and Immunology, School of Medicine, University of California, San Francisco, Post Office Box 419100, San Francisco, CA 94141-9100, USA. mark_goldsmith@quickmail.ucsf.edu	NHLBI NIH HHS; HL52773
Arai H, Charo IF	Differential regulation of G-protein-mediated signaling by chemokine receptors.	J. Biol. Chem.	271:36:21814-9	1996	8702980	190	H Arai, I F Charo	H Arai	I F Charo	Gladstone Institute of Cardiovascular Disease, University of California, San Francisco, California 94141-9100, USA.	NHLBI NIH HHS; HL52773
Monteclaro FS, Charo IF	The amino-terminal extracellular domain of the MCP-1 receptor, but not the RANTES/MIP-1alpha receptor, confers chemokine selectivity. Evidence for a two-step mechanism for MCP-1 receptor activation.	J. Biol. Chem.	271:32:19084-92	1996	8702581		F S Monteclaro, I F Charo	F S Monteclaro	I F Charo	Gladstone Institute of Cardiovascular Disease, University of California San Francisco, California 94141-9100, USA.	NHLBI NIH HHS; HL52773
Raport CJ, Gosling J, Schweickart VL, Gray PW, Charo IF	Molecular cloning and functional characterization of a novel human CC chemokine receptor (CCR5) for RANTES, MIP-1beta, and MIP-1alpha.	J. Biol. Chem.	271:29:17161-6	1996	8663314	NA	C J Raport, J Gosling, V L Schweickart, P W Gray, I F Charo	C J Raport	I F Charo	ICOS Corporation, Bothell, Washington 98021, USA.	NHLBI NIH HHS; HL52773
Boring L, Gosling J, Monteclaro FS, Lusis AJ, Tsou CL, Charo IF	Molecular cloning and functional expression of murine JE (monocyte chemoattractant protein 1) and murine macrophage inflammatory protein 1alpha receptors: evidence for two closely linked C-C chemokine receptors on chromosome 9.	J. Biol. Chem.	271:13:7551-8	1996	8631787	NA	L Boring, J Gosling, F S Monteclaro, A J Lusis, C L Tsou, I F Charo	L Boring	I F Charo	Gladstone Institute of Cardiovascular Disease, San Francisco, California 94141-9100, USA.	NHLBI NIH HHS; HL52773
Franci C, Wong LM, Van Damme J, Proost P, Charo IF	Monocyte chemoattractant protein-3, but not monocyte chemoattractant protein-2, is a functional ligand of the human monocyte chemoattractant protein-1 receptor.	J. Immunol.	154:12:6511-7	1995	7759884	113	C Franci, L M Wong, J Van Damme, P Proost, I F Charo	C Franci	I F Charo	Gladstone Institute of Cardiovascular Disease, San Francisco, CA 94110, USA.	NHLBI NIH HHS; HL52773
Myers SJ, Wong LM, Charo IF	Signal transduction and ligand specificity of the human monocyte chemoattractant protein-1 receptor in transfected embryonic kidney cells.	J. Biol. Chem.	270:11:5786-92	1995	7890708	145	S J Myers, L M Wong, I F Charo	S J Myers	I F Charo	Gladstone Institute of Cardiovascular Disease, San Francisco, California 94141-9100.	NHLBI NIH HHS; HL52773
Charo IF, Myers SJ, Herman A, Franci C, Connolly AJ, Coughlin SR	Molecular cloning and functional expression of two monocyte chemoattractant protein 1 receptors reveals alternative splicing of the carboxyl-terminal tails.	Proc. Natl. Acad. Sci. U.S.A.	91:7:2752-6	1994	8146186		I F Charo, S J Myers, A Herman, C Franci, A J Connolly, S R Coughlin	I F Charo	S R Coughlin	Gladstone Institute of Cardiovascular Disease, San Francisco, CA 94141-9100.	NHLBI NIH HHS; HL43322
Scarborough RM, Rose JW, Naughton MA, Phillips DR, Nannizzi L, Arfsten A, Campbell AM, Charo IF	Characterization of the integrin specificities of disintegrins isolated from American pit viper venoms.	J. Biol. Chem.	268:2:1058-65	1993	8419314		R M Scarborough, J W Rose, M A Naughton, D R Phillips, L Nannizzi, A Arfsten, A M Campbell, I F Charo	R M Scarborough	I F Charo	COR Therapeutics, Inc., South San Francisco, California 94080.	NA
Scarborough RM, Naughton MA, Teng W, Rose JW, Phillips DR, Nannizzi L, Arfsten A, Campbell AM, Charo IF	Design of potent and specific integrin antagonists. Peptide antagonists with high specificity for glycoprotein IIb-IIIa.	J. Biol. Chem.	268:2:1066-73	1993	8419315		R M Scarborough, M A Naughton, W Teng, J W Rose, D R Phillips, L Nannizzi, A Arfsten, A M Campbell, I F Charo	R M Scarborough	I F Charo	COR Therapeutics, Inc., South San Francisco, California 94080.	NA
Nelken NA, Soifer SJ, O'Keefe J, Vu TK, Charo IF, Coughlin SR	Thrombin receptor expression in normal and atherosclerotic human arteries.	J. Clin. Invest.	90:4:1614-21	1992	1328304		N A Nelken, S J Soifer, J O'Keefe, T K Vu, I F Charo, S R Coughlin	N A Nelken	S R Coughlin	Cardiovascular Research Institute, University of California, San Francisco 94143.	NHLBI NIH HHS; HL-44907
Hung DT, Vu TK, Wheaton VI, Charo IF, Nelken NA, Esmon N, Esmon CT, Coughlin SR	"Mirror image" antagonists of thrombin-induced platelet activation based on thrombin receptor structure.	J. Clin. Invest.	89:2:444-50	1992	1310695		D T Hung, T K Vu, V I Wheaton, I F Charo, N A Nelken, N Esmon, C T Esmon, S R Coughlin	D T Hung	S R Coughlin	Department of Medicine, University of California, San Francisco 94143.	NHLBI NIH HHS; HL0248-01
Vu TK, Wheaton VI, Hung DT, Charo I, Coughlin SR	Domains specifying thrombin-receptor interaction.	Nature	353:6345:674-7	1991	1717851		T K Vu, V I Wheaton, D T Hung, I Charo, S R Coughlin	T K Vu	S R Coughlin	Cardiovascular Research Institute, University of California, San Francisco 94143-0524.	NA
Scarborough RM, Rose JW, Hsu MA, Phillips DR, Fried VA, Campbell AM, Nannizzi L, Charo IF	Barbourin. A GPIIb-IIIa-specific integrin antagonist from the venom of Sistrurus m. barbouri.	J. Biol. Chem.	266:15:9359-62	1991	2033037		R M Scarborough, J W Rose, M A Hsu, D R Phillips, V A Fried, A M Campbell, L Nannizzi, I F Charo	R M Scarborough	I F Charo	COR Therapeutics, Inc., South San Francisco, California 94080.	NA
Phillips DR, Charo IF, Scarborough RM	GPIIb-IIIa: the responsive integrin.	Cell	65:3:359-62	1991	2018971		D R Phillips, I F Charo, R M Scarborough	D R Phillips	R M Scarborough	COR Therapeutics, Inc., South San Francisco, California 94080.	NA
Charo IF, Nannizzi L, Phillips DR, Hsu MA, Scarborough RM	Inhibition of fibrinogen binding to GP IIb-IIIa by a GP IIIa peptide.	J. Biol. Chem.	266:3:1415-21	1991	1703149		I F Charo, L Nannizzi, D R Phillips, M A Hsu, R M Scarborough	I F Charo	R M Scarborough	COR Therapeutics Inc., South San Francisco, California 94080.	NA
Charo IF, Nannizzi L, Smith JW, Cheresh DA	The vitronectin receptor alpha v beta 3 binds fibronectin and acts in concert with alpha 5 beta 1 in promoting cellular attachment and spreading on fibronectin.	J. Cell Biol.	111:6 Pt 1:2795-800	1990	1703545		I F Charo, L Nannizzi, J W Smith, D A Cheresh	I F Charo	D A Cheresh	COR Therapeutics, Inc., South San Francisco, California 94080.	NA
Brown DL, Phillips DR, Damsky CH, Charo IF	Synthesis and expression of the fibroblast fibronectin receptor in human monocytes.	J. Clin. Invest.	84:1:366-70	1989	2472429		D L Brown, D R Phillips, C H Damsky, I F Charo	D L Brown	I F Charo	Gladstone Foundation Laboratories for Cardiovascular Disease, University of California, San Francisco 94140-0608.	NHLBI NIH HHS; HL-01751
Phillips DR, Charo IF, Parise LV, Fitzgerald LA	The platelet membrane glycoprotein IIb-IIIa complex.	Blood	71:4:831-43	1988	2833328		D R Phillips, I F Charo, L V Parise, L A Fitzgerald	D R Phillips	L A Fitzgerald	Gladstone Foundation Laboratories, University of California, San Francisco 94140.	NHLBI NIH HHS; HL32254
Charo IF, Bekeart LS, Phillips DR	Platelet glycoprotein IIb-IIIa-like proteins mediate endothelial cell attachment to adhesive proteins and the extracellular matrix.	J. Biol. Chem.	262:21:9935-8	1987	2440865		I F Charo, L S Bekeart, D R Phillips	I F Charo	D R Phillips		NHLBI NIH HHS; HL 28947
Phillips DR, Fitzgerald LA, Charo IF, Parise LV	The platelet membrane glycoprotein IIb/IIIa complex. Structure, function, and relationship to adhesive protein receptors in nucleated cells.	Ann. N. Y. Acad. Sci.	509:177-87	1987	2827553		D R Phillips, L A Fitzgerald, I F Charo, L V Parise	D R Phillips	L V Parise	Gladstone Foundation Laboratories for Cardiovascular Disease, Department of Pathology, University of California, San Francisco 94140-0608.	NHLBI NIH HHS; HL 38405
Charo IF, Fitzgerald LA, Steiner B, Rall SC, Bekeart LS, Phillips DR	Platelet glycoproteins IIb and IIIa: evidence for a family of immunologically and structurally related glycoproteins in mammalian cells.	Proc. Natl. Acad. Sci. U.S.A.	83:21:8351-5	1986	3534886		I F Charo, L A Fitzgerald, B Steiner, S C Rall, L S Bekeart, D R Phillips	I F Charo	D R Phillips		NHLBI NIH HHS; HL32254
Charo IF, Yuen C, Perez HD, Goldstein IM	Chemotactic peptides modulate adherence of human polymorphonuclear leukocytes to monolayers of cultured endothelial cells.	J. Immunol.	136:9:3412-9	1986	3514759		I F Charo, C Yuen, H D Perez, I M Goldstein	I F Charo	I M Goldstein		NHLBI NIH HHS; HL-28475
Fitzgerald LA, Charo IF, Phillips DR	Human and bovine endothelial cells synthesize membrane proteins similar to human platelet glycoproteins IIb and IIIa.	J. Biol. Chem.	260:20:10893-6	1985	3161885		L A Fitzgerald, I F Charo, D R Phillips	L A Fitzgerald	D R Phillips		NHLBI NIH HHS; HL32254
Charo IF, Yuen C, Goldstein IM	Adherence of human polymorphonuclear leukocytes to endothelial monolayers: effects of temperature, divalent cations, and chemotactic factors on the strength of adherence measured with a new centrifugation assay.	Blood	65:2:473-9	1985	3967088		I F Charo, C Yuen, I M Goldstein	I F Charo	I M Goldstein		NHLBI NIH HHS; HL-28475
Charo IF, Shak S, Karasek MA, Davison PM, Goldstein IM	Prostaglandin I2 is not a major metabolite of arachidonic acid in cultured endothelial cells from human foreskin microvessels.	J. Clin. Invest.	74:3:914-9	1984	6432852		I F Charo, S Shak, M A Karasek, P M Davison, I M Goldstein	I F Charo	I M Goldstein		NHLBI NIH HHS; HL-28475
Detwiler TC, Charo IF, Feinman RD	Evidence that calcium regulates platelet function.	Thromb. Haemost.	40:2:207-11	1978	366791		T C Detwiler, I F Charo, R D Feinman	T C Detwiler	R D Feinman		NA
Charo IF, Feinman RD, Detwiler TC	Interrelations of platelet aggregation and secretion.	J. Clin. Invest.	60:4:866-73	1977	330568		I F Charo, R D Feinman, T C Detwiler	I F Charo	T C Detwiler		NA
Charo IF, Feinman RD, Detwiler TC, Smith JB, Ingerman CM, Silver MJ	Prostaglandin endoperoxides and thromboxane A2 can induce platelet aggregation in the absence of secretion.	Nature	269:5623:66-9	1977	895887		I F Charo, R D Feinman, T C Detwiler, J B Smith, C M Ingerman, M J Silver	I F Charo	M J Silver		NA
Feinman RD, Lubowsky J, Charo I, Zabinski MP	The lumi-aggregometer: a new instrument for simultaneous measurement of secretion and aggregation by platelets.	J. Lab. Clin. Med.	90:1:125-9	1977	874364		R D Feinman, J Lubowsky, I Charo, M P Zabinski	R D Feinman	M P Zabinski		NA
Charo IF, Feinman RD, Detwiler TC	Inhibition of platelet secretion by an antagonist of intracellular calcium.	Biochem. Biophys. Res. Commun.	72:4:1462-7	1976	793588		I F Charo, R D Feinman, T C Detwiler	I F Charo	T C Detwiler		NA
